Name,E_a,A_valence,R_A,R_B,R_X,A-site,B-site,X-site,ELN_A,ELN_B,ELN_X,alpha,U,E_hull,k64_emp
AlCo2O4,1.447,3,0.53,0.685,1.24,Al,Co,O,1.61,1.88,3.44,90.2901,0.380648897,0.111631697,1.130288966
AlCo2S4,0.682,3,0.53,0.75,1.674,Al,Co,S,1.61,1.88,2.58,96.6946,0.378222505,0.120494221,1.140375134
AlCo2Se4,0.608,3,0.53,0.75,1.812,Al,Co,Se,1.61,1.88,2.55,97.1628,0.378222505,0.105680474,1.140375134
AlCr2O4,0.929,3,0.53,0.755,1.24,Al,Cr,O,1.61,1.66,3.44,90.7707,0.378045271,0.123253757,1.141134784
AlCr2Se4,0.858,3,0.53,0.755,1.812,Al,Cr,Se,1.61,1.66,2.55,93.9483,0.378045271,0.039004834,1.141134784
AlEr2S4,0.99,3,0.53,1.03,1.674,Al,Er,S,1.61,1.24,2.58,90.9283,0.369852578,0.055257679,1.180017706
AlEr2Se4,0.748,3,0.53,1.03,1.812,Al,Er,Se,1.61,1.24,2.55,90.1739,0.369852578,0.082047029,1.180017706
AlFe2O4,1.519,3,0.53,0.69,1.24,Al,Fe,O,1.61,1.83,3.44,90.3002,0.380453666,0.033091356,1.131079355
AlFe2S4,0.469,3,0.53,0.785,1.674,Al,Fe,S,1.61,1.83,2.58,96.7646,0.37700758,0.183693931,1.145647193
AlFe2Se4,0.315,3,0.53,0.785,1.812,Al,Fe,Se,1.61,1.83,2.55,94.5034,0.37700758,0.171371149,1.145647193
AlGa2S4,0.559,3,0.53,0.76,1.674,Al,Ga,S,1.61,1.81,2.58,91.852,0.37786929,0.19522223,1.141892229
AlGa2Se4,0.475,3,0.53,0.76,1.812,Al,Ga,Se,1.61,1.81,2.55,92.0714,0.37786929,0.19196392,1.141892229
AlIn2S4,0.5,3,0.53,0.94,1.674,Al,In,S,1.61,1.78,2.58,90.5434,0.372245751,0.129386291,1.167853383
AlIn2Se4,0.438,3,0.53,0.94,1.812,Al,In,Se,1.61,1.78,2.55,90.0475,0.372245751,0.119390752,1.167853383
AlLa2Se4,0.885,3,0.53,1.172,1.812,Al,La,Se,1.61,1.1,2.55,92.5702,0.366498359,0.141615791,1.198315853
AlMn2O4,0.785,3,0.53,0.72,1.24,Al,Mn,O,1.61,1.55,3.44,90.2836,0.379313198,0.104807494,1.135769776
AlMn2S4,0.119,3,0.53,0.785,1.674,Al,Mn,S,1.61,1.55,2.58,92.3931,0.37700758,0.043316512,1.145647193
AlMn2Se4,0.642,3,0.53,0.785,1.812,Al,Mn,Se,1.61,1.55,2.55,92.9317,0.37700758,-0.078531467,1.145647193
AlMo2O4,1.855,3,0.53,0.83,1.24,Al,Mo,O,1.61,2.16,3.44,92.5209,0.375528082,0.234167832,1.152276813
AlNb2O4,0.84,3,0.53,0.86,1.24,Al,Nb,O,1.61,1.6,3.44,93.116,0.374588696,0.124172249,1.156609683
AlNd2S4,1.119,3,0.53,1.123,1.674,Al,Nd,S,1.61,1.14,2.58,92.6977,0.367604145,0.104037668,1.192115126
AlNd2Se4,0.963,3,0.53,1.123,1.812,Al,Nd,Se,1.61,1.14,2.55,92.0035,0.367604145,0.095173748,1.192115126
AlNi2O4,1.154,3,0.53,0.7,1.24,Al,Ni,O,1.61,1.91,3.44,91.4254,0.380067709,0.074862674,1.132652609
AlNi2S4,0.714,3,0.53,0.74,1.674,Al,Ni,S,1.61,1.91,2.58,95.4526,0.378580798,0.154462883,1.138849149
AlNi2Se4,0.691,3,0.53,0.74,1.812,Al,Ni,Se,1.61,1.91,2.55,96.2341,0.378580798,0.125398268,1.138849149
AlPd2S4,1.058,3,0.53,0.9,1.674,Al,Pd,S,1.61,2.2,2.58,93.3297,0.373389346,0.209031387,1.162285807
AlPd2Se4,0.903,3,0.53,0.9,1.812,Al,Pd,Se,1.61,2.2,2.55,94.3588,0.373389346,0.12818299,1.162285807
AlRu2O4,0.671,3,0.53,0.82,1.24,Al,Ru,O,1.61,2.2,3.44,90.867,0.375849312,0.369094187,1.1508174
AlRu2S4,1.342,3,0.53,0.82,1.674,Al,Ru,S,1.61,2.2,2.58,95.3642,0.375849312,0.198414038,1.1508174
AlSc2O4,1.503,3,0.53,0.885,1.24,Al,Sc,O,1.61,1.36,3.44,91.6852,0.373832289,0.134775221,1.160170372
AlSc2S4,0.865,3,0.53,0.885,1.674,Al,Sc,S,1.61,1.36,2.58,90.6197,0.373832289,0.011040721,1.160170372
AlSc2Se4,0.603,3,0.53,0.885,1.812,Al,Sc,Se,1.61,1.36,2.55,91.1903,0.373832289,0.040353368,1.160170372
AlTi2O4,0.912,3,0.53,0.81,1.24,Al,Ti,O,1.61,1.54,3.44,90.97,0.376174762,0.059236094,1.149350206
AlTi2S4,0.643,3,0.53,0.81,1.674,Al,Ti,S,1.61,1.54,2.58,91.9496,0.376174762,0.081399314,1.149350206
AlTm2S4,0.97,3,0.53,1.17,1.674,Al,Tm,S,1.61,1.25,2.58,90.765,0.366542517,0.067004427,1.198064958
AlTm2Se4,0.722,3,0.53,1.17,1.812,Al,Tm,Se,1.61,1.25,2.55,90.0317,0.366542517,0.084206923,1.198064958
AlV2O4,1.343,3,0.53,0.78,1.24,Al,V,O,1.61,1.63,3.44,90.4863,0.37717755,0.028642384,1.144900432
AlV2S4,0.86,3,0.53,0.78,1.674,Al,V,S,1.61,1.63,2.58,93.0155,0.37717755,0.116122192,1.144900432
AlV2Se4,1.066,3,0.53,0.78,1.812,Al,V,Se,1.61,1.63,2.55,93.4716,0.37717755,0.078736978,1.144900432
AlY2S4,1.01,3,0.53,1.04,1.674,Al,Y,S,1.61,1.22,2.58,91.3203,0.369600591,0.042433538,1.181340433
AlY2Se4,0.795,3,0.53,1.04,1.812,Al,Y,Se,1.61,1.22,2.55,90.6278,0.369600591,0.064525623,1.181340433
CaAl2O4,0.335,2,1.04424,0.675,1.24,Ca,Al,O,1.0,1.61,3.44,100.3375,0.399715376,0.133407781,1.067930545
CaAl2S4,0.665,2,1.04424,0.675,1.674,Ca,Al,S,1.0,1.61,2.58,98.8971,0.399715376,0.167247029,1.067930545
CaAl2Se4,0.678,2,1.04424,0.675,1.812,Ca,Al,Se,1.0,1.61,2.55,98.4472,0.399715376,0.165743979,1.067930545
CaCo2S4,1.015,2,1.04424,0.75,1.674,Ca,Co,S,1.0,1.88,2.58,102.5549,0.396755652,0.243878268,1.075941866
CaCo2Se4,0.963,2,1.04424,0.75,1.812,Ca,Co,Se,1.0,1.88,2.55,102.0382,0.396755652,0.251579767,1.075941866
CaCr2O4,0.633,2,1.04424,0.755,1.24,Ca,Cr,O,1.0,1.66,3.44,99.1462,0.396569733,0.060222549,1.076462865
CaCr2S4,0.821,2,1.04424,0.755,1.674,Ca,Cr,S,1.0,1.66,2.58,100.0132,0.396569733,0.093067325,1.076462865
CaCr2Se4,0.745,2,1.04424,0.755,1.812,Ca,Cr,Se,1.0,1.66,2.55,99.6525,0.396569733,0.125724937,1.076462865
CaEr2O4,0.456,2,1.04424,1.03,1.24,Ca,Er,O,1.0,1.24,3.44,96.6485,0.387975593,0.025924803,1.103080746
CaEr2S4,0.58,2,1.04424,1.03,1.674,Ca,Er,S,1.0,1.24,2.58,95.6894,0.387975593,0.028959518,1.103080746
CaEr2Se4,0.657,2,1.04424,1.03,1.812,Ca,Er,Se,1.0,1.24,2.55,95.4877,0.387975593,0.044441802,1.103080746
CaFe2O4,0.52,2,1.04424,0.69,1.24,Ca,Fe,O,1.0,1.83,3.44,96.6485,0.399096141,0.001707226,1.069563598
CaFe2S4,1.146,2,1.04424,0.785,1.674,Ca,Fe,S,1.0,1.83,2.58,95.6894,0.395481195,0.380019275,1.079556913
CaFe2Se4,1.578,2,1.04424,0.785,1.812,Ca,Fe,Se,1.0,1.83,2.55,95.4877,0.395481195,0.361075128,1.079556913
CaGa2O4,0.403,2,1.04424,0.76,1.24,Ca,Ga,O,1.0,1.81,3.44,99.1027,0.396385129,0.104863005,1.076982315
CaGa2S4,0.562,2,1.04424,0.76,1.674,Ca,Ga,S,1.0,1.81,2.58,98.3196,0.396385129,0.257805351,1.076982315
CaGa2Se4,0.538,2,1.04424,0.76,1.812,Ca,Ga,Se,1.0,1.81,2.55,98.009,0.396385129,0.259308822,1.076982315
CaIn2O4,0.385,2,1.04424,0.94,1.24,Ca,In,O,1.0,1.78,3.44,96.6227,0.390486033,-0.000364446,1.094764181
CaIn2S4,0.575,2,1.04424,0.94,1.674,Ca,In,S,1.0,1.78,2.58,96.4616,0.390486033,0.045412022,1.094764181
CaIn2Se4,0.563,2,1.04424,0.94,1.812,Ca,In,Se,1.0,1.78,2.55,96.2696,0.390486033,0.088348288,1.094764181
CaLa2O4,0.46,2,1.04424,1.172,1.24,Ca,La,O,1.0,1.1,3.44,94.902,0.384457015,0.125875155,1.115571833
CaLa2S4,0.354,2,1.04424,1.172,1.674,Ca,La,S,1.0,1.1,2.58,94.1484,0.384457015,0.086364194,1.115571833
CaLa2Se4,0.387,2,1.04424,1.172,1.812,Ca,La,Se,1.0,1.1,2.55,93.9596,0.384457015,0.079006122,1.115571833
CaMn2O4,1.148,2,1.04424,0.72,1.24,Ca,Mn,O,1.0,1.55,3.44,98.7268,0.397899789,0.076046771,1.072782572
CaMn2Se4,0.67,2,1.04424,0.785,1.812,Ca,Mn,Se,1.0,1.55,2.55,99.1705,0.395481195,-0.007228706,1.079556913
CaMo2Se4,1.296,2,1.04424,0.83,1.812,Ca,Mo,Se,1.0,2.16,2.55,98.7219,0.393929201,0.47630818,1.084100354
CaNb2O4,0.984,2,1.04424,0.86,1.24,Ca,Nb,O,1.0,1.6,3.44,95.752,0.392943784,0.337088875,1.087068257
CaNd2O4,0.442,2,1.04424,1.123,1.24,Ca,Nd,O,1.0,1.14,3.44,95.1662,0.385616986,0.092293712,1.111341554
CaNd2S4,0.424,2,1.04424,1.123,1.674,Ca,Nd,S,1.0,1.14,2.58,94.4025,0.385616986,0.066164442,1.111341554
CaNd2Se4,0.515,2,1.04424,1.123,1.812,Ca,Nd,Se,1.0,1.14,2.55,94.2373,0.385616986,0.058346221,1.111341554
CaNi2S4,0.975,2,1.04424,0.74,1.674,Ca,Ni,S,1.0,1.91,2.58,102.1222,0.397131502,0.336779794,1.074895176
CaPd2Se4,0.59,2,1.04424,0.9,1.812,Ca,Pd,Se,1.0,2.2,2.55,100.442,0.391685664,0.248822569,1.090954411
CaSc2O4,0.346,2,1.04424,0.885,1.24,Ca,Sc,O,1.0,1.36,3.44,98.0275,0.392150312,-0.004393824,1.089506326
CaSc2S4,0.742,2,1.04424,0.885,1.674,Ca,Sc,S,1.0,1.36,2.58,97.1526,0.392150312,0.059610732,1.089506326
CaSc2Se4,0.766,2,1.04424,0.885,1.812,Ca,Sc,Se,1.0,1.36,2.55,96.8962,0.392150312,0.076102938,1.089506326
CaTi2O4,0.67,2,1.04424,0.81,1.24,Ca,Ti,O,1.0,1.54,3.44,98.6635,0.394607568,0.094237403,1.082095024
CaTi2S4,0.739,2,1.04424,0.81,1.674,Ca,Ti,S,1.0,1.54,2.58,98.0286,0.394607568,0.209210931,1.082095024
CaTi2Se4,0.775,2,1.04424,0.81,1.812,Ca,Ti,Se,1.0,1.54,2.55,97.7375,0.394607568,0.230622709,1.082095024
CaTm2O4,0.456,2,1.04424,1.17,1.24,Ca,Tm,O,1.0,1.25,3.44,96.8198,0.384503336,0.025725555,1.115400722
CaTm2S4,0.594,2,1.04424,1.17,1.674,Ca,Tm,S,1.0,1.25,2.58,95.8312,0.384503336,0.031787447,1.115400722
CaTm2Se4,0.666,2,1.04424,1.17,1.812,Ca,Tm,Se,1.0,1.25,2.55,95.6055,0.384503336,0.04526461,1.115400722
CaV2O4,0.378,2,1.04424,0.78,1.24,Ca,V,O,1.0,1.63,3.44,96.8198,0.395659493,0.044452786,1.079044967
CaV2S4,1.64,2,1.04424,0.78,1.674,Ca,V,S,1.0,1.63,2.58,95.8312,0.395659493,0.244108295,1.079044967
CaV2Se4,1.661,2,1.04424,0.78,1.812,Ca,V,Se,1.0,1.63,2.55,95.6055,0.395659493,0.225586503,1.079044967
CaY2O4,0.458,2,1.04424,1.04,1.24,Ca,Y,O,1.0,1.22,3.44,96.4417,0.387711258,-0.001197626,1.103984471
CaY2S4,0.548,2,1.04424,1.04,1.674,Ca,Y,S,1.0,1.22,2.58,95.4601,0.387711258,0.011693656,1.103984471
CaY2Se4,0.631,2,1.04424,1.04,1.812,Ca,Y,Se,1.0,1.22,2.55,95.2269,0.387711258,0.031424482,1.103984471
LiAl2O4,0.309,1,0.73,0.675,1.24,Li,Al,O,0.98,1.61,3.44,97.1658,0.389747623,0.13410257,1.097161244
LiAl2S4,0.21,1,0.73,0.675,1.674,Li,Al,S,0.98,1.61,2.58,95.0083,0.389747623,0.12946449,1.097161244
LiAl2Se4,0.223,1,0.73,0.675,1.812,Li,Al,Se,0.98,1.61,2.55,94.5203,0.389747623,0.092805759,1.097161244
LiCo2O4,0.173,1,0.73,0.685,1.24,Li,Co,O,0.98,1.88,3.44,96.3749,0.389343519,0.165900443,1.098490197
LiCo2S4,0.242,1,0.73,0.75,1.674,Li,Co,S,0.98,1.88,2.58,98.0475,0.386861705,0.040173561,1.106926312
LiCo2Se4,0.216,1,0.73,0.75,1.812,Li,Co,Se,0.98,1.88,2.55,97.6808,0.386861705,0.049428228,1.106926312
LiCr2O4,0.831,1,0.73,0.755,1.24,Li,Cr,O,0.98,1.66,3.44,96.094,0.386680423,0.084697298,1.107561515
LiCr2S4,0.202,1,0.73,0.755,1.674,Li,Cr,S,0.98,1.66,2.58,95.2531,0.386680423,0.009959536,1.107561515
LiCr2Se4,0.199,1,0.73,0.755,1.812,Li,Cr,Se,0.98,1.66,2.55,94.8986,0.386680423,-0.044115291,1.107561515
LiEr2S4,0.173,1,0.73,1.03,1.674,Li,Er,S,0.98,1.24,2.58,92.8221,0.378300596,0.145142949,1.140041437
LiEr2Se4,0.17,1,0.73,1.03,1.812,Li,Er,Se,0.98,1.24,2.55,92.1862,0.378300596,0.078986534,1.140041437
LiFe2O4,0.332,1,0.73,0.69,1.24,Li,Fe,O,0.98,1.83,3.44,95.9307,0.389143829,-0.004023567,1.099151432
LiFe2Se4,0.211,1,0.73,0.785,1.812,Li,Fe,Se,0.98,1.83,2.55,96.6562,0.38561903,0.149602988,1.1113342
LiGa2O4,0.388,1,0.73,0.76,1.24,Li,Ga,O,0.98,1.81,3.44,95.5217,0.386500422,0.16993366,1.108194853
LiGa2S4,0.26,1,0.73,0.76,1.674,Li,Ga,S,0.98,1.81,2.58,94.0352,0.386500422,0.236141565,1.108194853
LiGa2Se4,0.238,1,0.73,0.76,1.812,Li,Ga,Se,0.98,1.81,2.55,93.7132,0.386500422,0.193491177,1.108194853
LiIn2O4,0.509,1,0.73,0.94,1.24,Li,In,O,0.98,1.78,3.44,94.1874,0.380748433,0.122246464,1.129887388
LiIn2S4,0.259,1,0.73,0.94,1.674,Li,In,S,0.98,1.78,2.58,92.6041,0.380748433,0.123275336,1.129887388
LiIn2Se4,0.222,1,0.73,0.94,1.812,Li,In,Se,0.98,1.78,2.55,92.2545,0.380748433,0.092571795,1.129887388
LiLa2S4,0.202,1,0.73,1.172,1.674,Li,La,S,0.98,1.1,2.58,92.6509,0.374869761,0.270114302,1.155303028
LiLa2Se4,0.194,1,0.73,1.172,1.812,Li,La,Se,0.98,1.1,2.55,91.8311,0.374869761,0.223232386,1.155303028
LiMn2O4,0.29,1,0.73,0.72,1.24,Li,Mn,O,0.98,1.55,3.44,96.2351,0.387977311,0.033384326,1.10307489
LiMn2S4,0.274,1,0.73,0.785,1.674,Li,Mn,S,0.98,1.55,2.58,96.0985,0.38561903,0.008309868,1.1113342
LiMn2Se4,0.254,1,0.73,0.785,1.812,Li,Mn,Se,0.98,1.55,2.55,95.1566,0.38561903,-0.211649258,1.1113342
LiNd2S4,0.224,1,0.73,1.123,1.674,Li,Nd,S,0.98,1.14,2.58,92.2419,0.376000805,0.219066348,1.150133019
LiNd2Se4,0.145,1,0.73,1.123,1.812,Li,Nd,Se,0.98,1.14,2.55,91.584,0.376000805,0.166741049,1.150133019
LiNi2O4,0.278,1,0.73,0.7,1.24,Li,Ni,O,0.98,1.91,3.44,96.5971,0.388749056,0.050716866,1.100467533
LiNi2S4,0.307,1,0.73,0.74,1.674,Li,Ni,S,0.98,1.91,2.58,97.4918,0.387228182,0.063219175,1.105650241
LiNi2Se4,0.259,1,0.73,0.74,1.812,Li,Ni,Se,0.98,1.91,2.55,97.9897,0.387228182,0.059615742,1.105650241
LiPd2S4,0.322,1,0.73,0.9,1.674,Li,Pd,S,0.98,2.2,2.58,96.3861,0.381918149,0.092641555,1.125237718
LiPd2Se4,0.264,1,0.73,0.9,1.812,Li,Pd,Se,0.98,2.2,2.55,96.3333,0.381918149,0.052631033,1.125237718
LiSc2O4,0.353,1,0.73,0.885,1.24,Li,Sc,O,0.98,1.36,3.44,96.0919,0.382371209,0.165155686,1.123470691
LiSc2S4,0.192,1,0.73,0.885,1.674,Li,Sc,S,0.98,1.36,2.58,93.4774,0.382371209,0.119835499,1.123470691
LiSc2Se4,0.201,1,0.73,0.885,1.812,Li,Sc,Se,0.98,1.36,2.55,93.0531,0.382371209,0.02915295,1.123470691
LiTi2O4,0.362,1,0.73,0.81,1.24,Li,Ti,O,0.98,1.54,3.44,96.1843,0.384767188,-0.018735867,1.114429535
LiTi2S4,0.235,1,0.73,0.81,1.674,Li,Ti,S,0.98,1.54,2.58,93.9751,0.384767188,0.03484295,1.114429535
LiTi2Se4,0.287,1,0.73,0.81,1.812,Li,Ti,Se,0.98,1.54,2.55,93.4561,0.384767188,0.030019056,1.114429535
LiTm2S4,0.175,1,0.73,1.17,1.674,Li,Tm,S,0.98,1.25,2.58,92.8276,0.374914927,0.106628963,1.155093875
LiTm2Se4,0.173,1,0.73,1.17,1.812,Li,Tm,Se,0.98,1.25,2.55,92.2799,0.374914927,0.048230863,1.155093875
LiY2S4,0.169,1,0.73,1.04,1.674,Li,Y,S,0.98,1.22,2.58,92.5923,0.378042852,0.129219411,1.141145175
LiY2Se4,0.162,1,0.73,1.04,1.812,Li,Y,Se,0.98,1.22,2.55,92.0842,0.378042852,0.074406199,1.141145175
LiZr2S4,0.172,1,0.73,0.86,1.674,Li,Zr,S,0.98,1.33,2.58,93.0361,0.383144894,-0.022825378,1.120495995
LiZr2Se4,0.207,1,0.73,0.86,1.812,Li,Zr,Se,0.98,1.33,2.55,92.4656,0.383144894,-0.001188127,1.120495995
MgAl2O4,0.668,2,0.71,0.675,1.24,Mg,Al,O,1.31,1.61,3.44,96.7819,0.388984633,0.005299878,1.099680737
MgAl2Se4,0.459,2,0.71,0.675,1.812,Mg,Al,Se,1.31,1.61,2.55,95.755,0.388984633,0.027910294,1.099680737
MgCo2O4,0.569,2,0.71,0.685,1.24,Mg,Co,O,1.31,1.88,3.44,95.8144,0.38858132,0.140187571,1.101030331
MgCo2S4,0.5,2,0.71,0.75,1.674,Mg,Co,S,1.31,1.88,2.58,99.4979,0.386104364,0.089610738,1.109597655
MgCr2O4,0.465,2,0.71,0.755,1.24,Mg,Cr,O,1.31,1.66,3.44,95.0924,0.385923437,0.037243217,1.11024275
MgCr2S4,0.543,2,0.71,0.755,1.674,Mg,Cr,S,1.31,1.66,2.58,96.6481,0.385923437,0.014912053,1.11024275
MgCr2Se4,0.409,2,0.71,0.755,1.812,Mg,Cr,Se,1.31,1.66,2.55,96.5457,0.385923437,0.011113322,1.11024275
MgEr2O4,0.738,2,0.71,1.03,1.24,Mg,Er,O,1.31,1.24,3.44,93.0367,0.377560015,0.142786459,1.143231079
MgEr2S4,0.378,2,0.71,1.03,1.674,Mg,Er,S,1.31,1.24,2.58,92.4856,0.377560015,-0.009836497,1.143231079
MgEr2Se4,0.357,2,0.71,1.03,1.812,Mg,Er,Se,1.31,1.24,2.55,92.4474,0.377560015,0.000224335,1.143231079
MgFe2O4,0.201,2,0.71,0.69,1.24,Mg,Fe,O,1.31,1.83,3.44,95.2436,0.388382021,-0.030431571,1.101701838
MgFe2S4,0.295,2,0.71,0.785,1.674,Mg,Fe,S,1.31,1.83,2.58,98.6844,0.384864122,0.222585831,1.114074227
MgFe2Se4,0.268,2,0.71,0.785,1.812,Mg,Fe,Se,1.31,1.83,2.55,98.5052,0.384864122,0.203689982,1.114074227
MgGa2O4,0.643,2,0.71,0.76,1.24,Mg,Ga,O,1.31,1.81,3.44,95.4053,0.385743789,0.025763049,1.110885951
MgGa2S4,0.465,2,0.71,0.76,1.674,Mg,Ga,S,1.31,1.81,2.58,95.4147,0.385743789,0.126678416,1.110885951
MgGa2Se4,0.386,2,0.71,0.76,1.812,Mg,Ga,Se,1.31,1.81,2.55,95.3523,0.385743789,0.135576369,1.110885951
MgIn2O4,0.602,2,0.71,0.94,1.24,Mg,In,O,1.31,1.78,3.44,92.7904,0.38000306,0.031515966,1.132917533
MgIn2S4,0.474,2,0.71,0.94,1.674,Mg,In,S,1.31,1.78,2.58,93.3886,0.38000306,0.00212898,1.132917533
MgIn2Se4,0.409,2,0.71,0.94,1.812,Mg,In,Se,1.31,1.78,2.55,93.494,0.38000306,0.020819908,1.132917533
MgLa2S4,0.51,2,0.71,1.172,1.674,Mg,La,S,1.31,1.1,2.58,90.8693,0.374135896,0.113005595,1.158733385
MgLa2Se4,0.392,2,0.71,1.172,1.812,Mg,La,Se,1.31,1.1,2.55,90.878,0.374135896,0.08119526,1.158733385
MgMn2O4,0.887,2,0.71,0.72,1.24,Mg,Mn,O,1.31,1.55,3.44,94.0121,0.387217786,0.035596371,1.105686292
MgMn2S4,0.51,2,0.71,0.785,1.674,Mg,Mn,S,1.31,1.55,2.58,95.9059,0.384864122,0.064409628,1.114074227
MgMn2Se4,0.408,2,0.71,0.785,1.812,Mg,Mn,Se,1.31,1.55,2.55,95.8032,0.384864122,-0.126513156,1.114074227
MgMo2Se4,0.408,2,0.71,0.83,1.812,Mg,Mo,Se,1.31,2.16,2.55,95.4259,0.383353792,0.390422938,1.11970196
MgNd2S4,0.416,2,0.71,1.123,1.674,Mg,Nd,S,1.31,1.14,2.58,91.2157,0.375264727,0.073607114,1.153481691
MgNd2Se4,0.306,2,0.71,1.123,1.812,Mg,Nd,Se,1.31,1.14,2.55,91.1925,0.375264727,0.043663908,1.153481691
MgNi2O4,0.798,2,0.71,0.7,1.24,Mg,Ni,O,1.31,1.91,3.44,95.9779,0.387988021,0.063506603,1.103038391
MgNi2S4,0.526,2,0.71,0.74,1.674,Mg,Ni,S,1.31,1.91,2.58,98.3582,0.386470124,0.177547065,1.108301715
MgNi2Se4,0.489,2,0.71,0.74,1.812,Mg,Ni,Se,1.31,1.91,2.55,98.3738,0.386470124,0.15104486,1.108301715
MgPd2S4,0.639,2,0.71,0.9,1.674,Mg,Pd,S,1.31,2.2,2.58,96.8736,0.381170486,0.193906449,1.128194999
MgPd2Se4,0.443,2,0.71,0.9,1.812,Mg,Pd,Se,1.31,2.2,2.55,97.1072,0.381170486,0.130692723,1.128194999
MgRu2O4,1.125,2,0.71,0.82,1.24,Mg,Ru,O,1.31,2.2,3.44,91.8404,0.383681715,0.187221368,1.118463253
MgSc2O4,0.536,2,0.71,0.885,1.24,Mg,Sc,O,1.31,1.36,3.44,94.319,0.38162266,0.034464207,1.126400306
MgSc2S4,0.366,2,0.71,0.885,1.674,Mg,Sc,S,1.31,1.36,2.58,93.7926,0.38162266,0.000299857,1.126400306
MgSc2Se4,0.339,2,0.71,0.885,1.812,Mg,Sc,Se,1.31,1.36,2.55,93.7862,0.38162266,-0.000618019,1.126400306
MgTi2O4,0.787,2,0.71,0.81,1.24,Mg,Ti,O,1.31,1.54,3.44,94.1924,0.384013948,0.012841541,1.117217849
MgTi2S4,0.245,2,0.71,0.81,1.674,Mg,Ti,S,1.31,1.54,2.58,94.9007,0.384013948,0.089772519,1.117217849
MgTi2Se4,0.176,2,0.71,0.81,1.812,Mg,Ti,Se,1.31,1.54,2.55,94.8283,0.384013948,0.108238513,1.117217849
MgTm2O4,0.72,2,0.71,1.17,1.24,Mg,Tm,O,1.31,1.25,3.44,93.2131,0.374180974,0.135955136,1.158520923
MgTm2S4,0.366,2,0.71,1.17,1.674,Mg,Tm,S,1.31,1.25,2.58,92.6035,0.374180974,-0.003766047,1.158520923
MgTm2Se4,0.362,2,0.71,1.17,1.812,Mg,Tm,Se,1.31,1.25,2.55,92.5639,0.374180974,-0.001852859,1.158520923
MgV2O4,0.562,2,0.71,0.78,1.24,Mg,V,O,1.31,1.63,3.44,95.2302,0.385037633,0.013422712,1.113440213
MgV2S4,0.35,2,0.71,0.78,1.674,Mg,V,S,1.31,1.63,2.58,95.8781,0.385037633,0.121420319,1.113440213
MgV2Se4,0.303,2,0.71,0.78,1.812,Mg,V,Se,1.31,1.63,2.55,95.8916,0.385037633,0.10121655,1.113440213
MgY2O4,0.767,2,0.71,1.04,1.24,Mg,Y,O,1.31,1.22,3.44,92.8079,0.377302776,0.126864489,1.144352183
MgY2S4,0.382,2,0.71,1.04,1.674,Mg,Y,S,1.31,1.22,2.58,92.2409,0.377302776,-0.012411892,1.144352183
MgY2Se4,0.349,2,0.71,1.04,1.812,Mg,Y,Se,1.31,1.22,2.55,92.1709,0.377302776,-0.006933572,1.144352183
NaAl2O4,0.266,1,1.13,0.675,1.24,Na,Al,O,0.93,1.61,3.44,100.8144,0.401947039,0.197993915,1.062226265
NaAl2S4,0.347,1,1.13,0.675,1.674,Na,Al,S,0.93,1.61,2.58,98.6925,0.401947039,0.17792844,1.062226265
NaAl2Se4,0.339,1,1.13,0.675,1.812,Na,Al,Se,0.93,1.61,2.55,98.1331,0.401947039,0.170590709,1.062226265
NaCo2O4,0.655,1,1.13,0.685,1.24,Na,Co,O,0.93,1.88,3.44,100.2334,0.401530287,0.190403909,1.063270415
NaCo2S4,0.422,1,1.13,0.75,1.674,Na,Co,S,0.93,1.88,2.58,102.1164,0.39897079,0.126550018,1.069896898
NaCo2Se4,0.465,1,1.13,0.75,1.812,Na,Co,Se,0.93,1.88,2.55,101.4449,0.39897079,0.117411862,1.069896898
NaCr2O4,0.3,1,1.13,0.755,1.24,Na,Cr,O,0.93,1.66,3.44,100.4032,0.398783833,0.133845715,1.070395721
NaCr2S4,0.379,1,1.13,0.755,1.674,Na,Cr,S,0.93,1.66,2.58,99.7475,0.398783833,0.104999121,1.070395721
NaCr2Se4,0.407,1,1.13,0.755,1.812,Na,Cr,Se,0.93,1.66,2.55,99.5561,0.398783833,0.082452914,1.070395721
NaEr2O4,0.61,1,1.13,1.03,1.24,Na,Er,O,0.93,1.24,3.44,99.0816,0.390141711,0.141897987,1.095876936
NaEr2S4,0.223,1,1.13,1.03,1.674,Na,Er,S,0.93,1.24,2.58,96.365,0.390141711,0.167851945,1.095876936
NaEr2Se4,0.267,1,1.13,1.03,1.812,Na,Er,Se,0.93,1.24,2.55,95.8354,0.390141711,0.126451448,1.095876936
NaFe2O4,0.251,1,1.13,0.69,1.24,Na,Fe,O,0.93,1.83,3.44,100.0712,0.401324346,0.033329223,1.063789919
NaFe2S4,0.653,1,1.13,0.785,1.674,Na,Fe,S,0.93,1.83,2.58,101.4035,0.397689218,0.248796821,1.073358017
NaFe2Se4,0.507,1,1.13,0.785,1.812,Na,Fe,Se,0.93,1.83,2.55,100.7738,0.397689218,0.216868516,1.073358017
NaGa2O4,0.215,1,1.13,0.76,1.24,Na,Ga,O,0.93,1.81,3.44,99.5518,0.398598198,0.194562531,1.070893059
NaGa2Se4,0.335,1,1.13,0.76,1.812,Na,Ga,Se,0.93,1.81,2.55,97.6654,0.398598198,0.300097312,1.070893059
NaIn2O4,0.285,1,1.13,0.94,1.24,Na,In,O,0.93,1.78,3.44,97.8117,0.392666167,0.127498295,1.087916329
NaIn2S4,0.226,1,1.13,0.94,1.674,Na,In,S,0.93,1.78,2.58,96.3851,0.392666167,0.158235133,1.087916329
NaIn2Se4,0.287,1,1.13,0.94,1.812,Na,In,Se,0.93,1.78,2.55,95.9821,0.392666167,0.134122978,1.087916329
NaLa2O4,0.237,1,1.13,1.172,1.24,Na,La,O,0.93,1.1,3.44,98.469,0.386603488,0.176086248,1.107831892
NaLa2S4,0.125,1,1.13,1.172,1.674,Na,La,S,0.93,1.1,2.58,95.8742,0.386603488,0.238846381,1.107831892
NaLa2Se4,0.126,1,1.13,1.172,1.812,Na,La,Se,0.93,1.1,2.55,95.3878,0.386603488,0.212080162,1.107831892
NaMn2O4,0.634,1,1.13,0.72,1.24,Na,Mn,O,0.93,1.55,3.44,99.8453,0.400121315,0.074981313,1.066872024
NaMn2S4,0.462,1,1.13,0.785,1.674,Na,Mn,S,0.93,1.55,2.58,99.9099,0.397689218,0.069099424,1.073358017
NaMn2Se4,0.345,1,1.13,0.785,1.812,Na,Mn,Se,0.93,1.55,2.55,98.906,0.397689218,-0.06850358,1.073358017
NaNd2S4,0.243,1,1.13,1.123,1.674,Na,Nd,S,0.93,1.14,2.58,95.6233,0.387769935,0.216793463,1.10378339
NaNd2Se4,0.19,1,1.13,1.123,1.812,Na,Nd,Se,0.93,1.14,2.55,95.063,0.387769935,0.183196847,1.10378339
NaNi2O4,0.295,1,1.13,0.7,1.24,Na,Ni,O,0.93,1.91,3.44,100.4305,0.400917216,0.114207899,1.064823866
NaNi2S4,0.394,1,1.13,0.74,1.674,Na,Ni,S,0.93,1.91,2.58,101.3359,0.399348738,0.159753832,1.068894753
NaPd2S4,0.32,1,1.13,0.9,1.674,Na,Pd,S,0.93,2.2,2.58,100.3251,0.393872496,0.130397836,1.084269365
NaPd2Se4,0.349,1,1.13,0.9,1.812,Na,Pd,Se,0.93,2.2,2.55,100.0814,0.393872496,0.086778744,1.084269365
NaSc2O4,0.299,1,1.13,0.885,1.24,Na,Sc,O,0.93,1.36,3.44,99.6284,0.394339738,0.129559734,1.082883122
NaSc2S4,0.325,1,1.13,0.885,1.674,Na,Sc,S,0.93,1.36,2.58,97.4554,0.394339738,0.167983181,1.082883122
NaSc2Se4,0.352,1,1.13,0.885,1.812,Na,Sc,Se,0.93,1.36,2.55,96.9659,0.394339738,0.083705892,1.082883122
NaTi2O4,0.334,1,1.13,0.81,1.24,Na,Ti,O,0.93,1.54,3.44,99.5121,0.396810713,-0.012377191,1.075787982
NaTi2S4,0.423,1,1.13,0.81,1.674,Na,Ti,S,0.93,1.54,2.58,97.7121,0.396810713,0.093032011,1.075787982
NaTi2Se4,0.46,1,1.13,0.81,1.812,Na,Ti,Se,0.93,1.54,2.55,97.2944,0.396810713,0.09771937,1.075787982
NaTm2O4,0.585,1,1.13,1.17,1.24,Na,Tm,O,0.93,1.25,3.44,99.1431,0.386650068,0.143674362,1.107668136
NaTm2S4,0.229,1,1.13,1.17,1.674,Na,Tm,S,0.93,1.25,2.58,96.4641,0.386650068,0.166862176,1.107668136
NaTm2Se4,0.28,1,1.13,1.17,1.812,Na,Tm,Se,0.93,1.25,2.55,95.9514,0.386650068,0.080282763,1.107668136
NaV2O4,0.43,1,1.13,0.78,1.24,Na,V,O,0.93,1.63,3.44,99.4015,0.397868511,0.084526994,1.072867878
NaY2O4,0.29,1,1.13,1.04,1.24,Na,Y,O,0.93,1.22,3.44,99.0218,0.3898759,0.113443392,1.096741934
NaY2S4,0.198,1,1.13,1.04,1.674,Na,Y,S,0.93,1.22,2.58,96.2349,0.3898759,0.153749846,1.096741934
NaY2Se4,0.253,1,1.13,1.04,1.812,Na,Y,Se,0.93,1.22,2.55,95.7146,0.3898759,0.118718542,1.096741934
NaZr2S4,0.365,1,1.13,0.86,1.674,Na,Zr,S,0.93,1.33,2.58,96.428,0.395137639,0.003927977,1.080549125
NaZr2Se4,0.428,1,1.13,0.86,1.812,Na,Zr,Se,0.93,1.33,2.55,95.8978,0.395137639,0.046831724,1.080549125
ZnAl2O4,0.969,2,0.74,0.675,1.24,Zn,Al,O,1.65,1.61,3.44,97.2224,0.39012186,0.007193722,1.095941355
ZnAl2S4,0.83,2,0.74,0.675,1.674,Zn,Al,S,1.65,1.61,2.58,94.7065,0.39012186,0.002439546,1.095941355
ZnAl2Se4,0.742,2,0.74,0.675,1.812,Zn,Al,Se,1.65,1.61,2.55,94.5514,0.39012186,0.031437679,1.095941355
ZnCo2O4,0.638,2,0.74,0.685,1.24,Zn,Co,O,1.65,1.88,3.44,95.8639,0.389717368,0.058992428,1.097260319
ZnCo2S4,0.925,2,0.74,0.75,1.674,Zn,Co,S,1.65,1.88,2.58,98.0726,0.387233171,0.036577647,1.105632943
ZnCo2Se4,0.738,2,0.74,0.75,1.812,Zn,Co,Se,1.65,1.88,2.55,97.9436,0.387233171,0.049959226,1.105632943
ZnCr2O4,0.783,2,0.74,0.755,1.24,Zn,Cr,O,1.65,1.66,3.44,95.407,0.387051715,0.038742996,1.106263359
ZnCr2S4,0.975,2,0.74,0.755,1.674,Zn,Cr,S,1.65,1.66,2.58,95.1646,0.387051715,0.015689431,1.106263359
ZnCr2Se4,0.749,2,0.74,0.755,1.812,Zn,Cr,Se,1.65,1.66,2.55,95.1033,0.387051715,0.013161746,1.106263359
ZnEr2O4,1.045,2,0.74,1.03,1.24,Zn,Er,O,1.65,1.24,3.44,93.1632,0.378663841,0.157033057,1.138497309
ZnEr2S4,0.854,2,0.74,1.03,1.674,Zn,Er,S,1.65,1.24,2.58,91.0857,0.378663841,0.034061975,1.138497309
ZnEr2Se4,0.763,2,0.74,1.03,1.812,Zn,Er,Se,1.65,1.24,2.55,91.0638,0.378663841,0.041327114,1.138497309
ZnFe2O4,0.62,2,0.74,0.69,1.24,Zn,Fe,O,1.65,1.83,3.44,95.4882,0.389517486,-0.036369614,1.097916584
ZnFe2Se4,1.117,2,0.74,0.785,1.812,Zn,Fe,Se,1.65,1.83,2.55,97.1508,0.385989302,0.150730413,1.110007598
ZnGa2O4,0.92,2,0.74,0.76,1.24,Zn,Ga,O,1.65,1.81,3.44,95.7105,0.386871541,0.020773234,1.106891923
ZnGa2S4,0.754,2,0.74,0.76,1.674,Zn,Ga,S,1.65,1.81,2.58,94.1291,0.386871541,0.127403351,1.106891923
ZnGa2Se4,0.644,2,0.74,0.76,1.812,Zn,Ga,Se,1.65,1.81,2.55,94.086,0.386871541,0.153784085,1.106891923
ZnIn2O4,0.966,2,0.74,0.94,1.24,Zn,In,O,1.65,1.78,3.44,92.9256,0.381114028,0.036475221,1.128420421
ZnIn2S4,0.806,2,0.74,0.94,1.674,Zn,In,S,1.65,1.78,2.58,92.05,0.381114028,0.014665508,1.128420421
ZnIn2Se4,0.689,2,0.74,0.94,1.812,Zn,In,Se,1.65,1.78,2.55,92.1367,0.381114028,0.056148537,1.128420421
ZnLa2S4,1.097,2,0.74,1.172,1.674,Zn,La,S,1.65,1.1,2.58,95.7105,0.375229712,0.177345874,1.153642463
ZnLa2Se4,0.915,2,0.74,1.172,1.812,Zn,La,Se,1.65,1.1,2.55,94.1291,0.375229712,0.139660408,1.153642463
ZnMn2O4,0.471,2,0.74,0.72,1.24,Zn,Mn,O,1.65,1.55,3.44,94.086,0.388349848,0.034267904,1.101810527
ZnMn2S4,0.446,2,0.74,0.785,1.674,Zn,Mn,S,1.65,1.55,2.58,92.9256,0.385989302,0.039674846,1.110007598
ZnMn2Se4,0.517,2,0.74,0.785,1.812,Zn,Mn,Se,1.65,1.55,2.55,92.05,0.385989302,0.005618213,1.110007598
ZnNi2O4,0.264,2,0.74,0.7,1.24,Zn,Ni,O,1.65,1.91,3.44,92.1367,0.389122334,0.057604506,1.099222787
ZnNi2S4,0.591,2,0.74,0.74,1.674,Zn,Ni,S,1.65,1.91,2.58,90.6162,0.3876,0.117050941,1.104366485
ZnNi2Se4,0.559,2,0.74,0.74,1.812,Zn,Ni,Se,1.65,1.91,2.55,90.5687,0.3876,0.08914363,1.104366485
ZnPd2S4,0.478,2,0.74,0.9,1.674,Zn,Pd,S,1.65,2.2,2.58,90.5687,0.382284868,0.158960373,1.123805999
ZnPd2Se4,0.412,2,0.74,0.9,1.812,Zn,Pd,Se,1.65,2.2,2.55,95.2155,0.382284868,0.09123746,1.123805999
ZnSc2O4,0.898,2,0.74,0.885,1.24,Zn,Sc,O,1.65,1.36,3.44,94.4758,0.382738363,0.042717313,1.122052356
ZnSc2S4,0.776,2,0.74,0.885,1.674,Zn,Sc,S,1.65,1.36,2.58,92.3685,0.382738363,0.011793951,1.122052356
ZnSc2Se4,0.7,2,0.74,0.885,1.812,Zn,Sc,Se,1.65,1.36,2.55,92.3528,0.382738363,0.019108614,1.122052356
ZnTm2O4,1.005,2,0.74,1.17,1.24,Zn,Tm,O,1.65,1.25,3.44,93.3597,0.375274922,0.149995835,1.153434907
ZnTm2S4,0.842,2,0.74,1.17,1.674,Zn,Tm,S,1.65,1.25,2.58,91.2077,0.375274922,0.038652935,1.153434907
ZnTm2Se4,0.756,2,0.74,1.17,1.812,Zn,Tm,Se,1.65,1.25,2.55,91.1916,0.375274922,0.038056306,1.153434907
ZnY2O4,1.146,2,0.74,1.04,1.24,Zn,Y,O,1.65,1.22,3.44,92.8934,0.37840585,0.140951957,1.139592642
ZnY2S4,0.879,2,0.74,1.04,1.674,Zn,Y,S,1.65,1.22,2.58,90.801,0.37840585,0.03412445,1.139592642
ZnY2Se4,0.777,2,0.74,1.04,1.812,Zn,Y,Se,1.65,1.22,2.55,90.8154,0.37840585,0.036299624,1.139592642
