compound,E_a,A_site,B_site,X_site,A_valence,EN_A,EN_B,EN_X,R_A,R_B,R_X,Polarizability_A,Polarizability_B,Polarizability_X,EA_A,EA_B,EA_X,a_lat,b_lat,c_lat,avg_d_AX_all,avg_d_AX_excl,avg_d_BX,k64_m_all,k64_m_excl,u_eff_all,u_eff_excl,tetragonality_ratio
AlCo2O4,0.8943902199999911,Al,Co,O,3,1.61,1.88,3.44,0.39,0.61,1.4,57.8,55.0,5.3,0.43283,0.66225646,1.4611135,8.343907,8.211753,8.211753,1.844979,1.842927,2.016763,1.093109,1.094326,0.379024,0.378881,0.984162
AlCo2S4,0.6808415099999934,Al,Co,S,3,1.61,1.88,2.58,0.39,0.61,1.84,57.8,55.0,19.4,0.43283,0.66225646,2.07710403,9.601255,9.601255,9.601255,2.302886,2.30582,2.274616,0.987724,0.986467,0.388479,0.388655,1.0
AlCo2Se4,0.5995691399999714,Al,Co,Se,3,1.61,1.88,2.55,0.39,0.61,1.98,57.8,55.0,28.9,0.43283,0.66225646,2.02067,10.221794,10.221794,10.221794,2.469656,2.475754,2.413702,0.977343,0.974936,0.389492,0.389836,1.0
AlCr2O4,0.7950735300000247,Al,Cr,O,3,1.61,1.66,3.44,0.39,0.615,1.4,57.8,83.0,5.3,0.43283,0.6659999999999999,1.4611135,8.251355,8.457781,8.457781,1.828043,1.8184,2.068189,1.131368,1.137368,0.375811,0.375147,1.025017
AlCr2Se4,0.6118490800000131,Al,Cr,Se,3,1.61,1.66,2.55,0.39,0.615,1.98,57.8,83.0,28.9,0.43283,0.6659999999999999,2.02067,10.656327,10.656327,10.656327,2.458371,2.452309,2.573699,1.046912,1.0495,0.383192,0.382864,1.0
AlEr2O4,1.7951080099999783,Al,Er,O,3,1.61,1.24,3.44,0.39,0.89,1.4,57.8,150.0,5.3,0.43283,,1.4611135,8.999864,8.999864,8.999864,1.820509,1.825448,2.295168,1.260729,1.257318,0.366787,0.367104,1.0
AlEr2S4,1.0130540899999687,Al,Er,S,3,1.61,1.24,2.58,0.39,0.89,1.84,57.8,150.0,19.4,0.43283,,2.07710403,10.81376,10.81376,10.81376,2.302408,2.298127,2.714585,1.17902,1.181216,0.372926,0.372698,1.0
AlEr2Se4,0.7576419699999519,Al,Er,Se,3,1.61,1.24,2.55,0.39,0.89,1.98,57.8,150.0,28.9,0.43283,,2.02067,11.383755,11.383755,11.383755,2.455778,2.447625,2.843511,1.157886,1.161743,0.37455,0.374136,1.0
AlFe2S4,0.4710137099999656,Al,Fe,S,3,1.61,1.83,2.58,0.39,0.645,1.84,57.8,62.0,19.4,0.43283,0.151,2.07710403,9.632028,9.632028,9.632028,2.308202,2.309357,2.291655,0.992831,0.992335,0.388355,0.388424,1.0
AlFe2Se4,0.4805157800000188,Al,Fe,Se,3,1.61,1.83,2.55,0.39,0.645,1.98,57.8,62.0,28.9,0.43283,0.151,2.02067,10.496981,10.496981,10.496981,2.452952,2.439515,2.533802,1.03296,1.03865,0.384916,0.384177,1.0
AlGa2S4,0.554460760000012,Al,Ga,S,3,1.61,1.81,2.58,0.39,0.62,1.84,57.8,50.0,19.4,0.43283,0.43,2.07710403,10.2724,10.2724,10.2724,2.304758,2.289685,2.518507,1.092742,1.099936,0.379537,0.37869,1.0
AlGa2Se4,0.4624782499999753,Al,Ga,Se,3,1.61,1.81,2.55,0.39,0.62,1.98,57.8,50.0,28.9,0.43283,0.43,2.02067,10.890246,10.890246,10.890246,2.45311,2.436384,2.667706,1.087479,1.094945,0.380052,0.379166,1.0
AlIn2S4,0.5104541999999981,Al,In,S,3,1.61,1.78,2.58,0.39,0.8,1.84,57.8,65.0,19.4,0.43283,0.3,2.07710403,10.81305,10.81305,10.81305,2.315564,2.300494,2.703217,1.167412,1.17506,0.373637,0.372832,1.0
AlIn2Se4,0.3841913200000135,Al,In,Se,3,1.61,1.78,2.55,0.39,0.8,1.98,57.8,65.0,28.9,0.43283,0.3,2.02067,11.378591,11.378591,11.378591,2.467546,2.442948,2.832217,1.147787,1.159344,0.375203,0.373955,1.0
AlLa2Se4,0.94943238999997,Al,La,Se,3,1.61,1.1,2.55,0.39,1.032,1.98,57.8,215.0,28.9,0.43283,0.47,2.02067,11.878725,11.878725,11.878725,2.45253,2.451174,3.01955,1.231198,1.231879,0.369202,0.369136,1.0
AlMn2O4,0.857257489999995,Al,Mn,O,3,1.61,1.55,3.44,0.39,0.645,1.4,57.8,68.0,5.3,0.43283,,1.4611135,8.170303,8.61565,8.61565,1.818457,1.799718,2.096668,1.152993,1.164998,0.373995,0.372717,1.054508
AlMn2S4,0.6284819400000288,Al,Mn,S,3,1.61,1.55,2.58,0.39,0.645,1.84,57.8,68.0,19.4,0.43283,,2.07710403,10.340108,10.340108,10.340108,2.32775,2.308087,2.517269,1.081417,1.09063,0.379972,0.378874,1.0
AlMn2Se4,0.6574617499999817,Al,Mn,Se,3,1.61,1.55,2.55,0.39,0.645,1.98,57.8,68.0,28.9,0.43283,,2.02067,10.770743,10.770743,10.770743,2.450812,2.436365,2.620966,1.069428,1.075769,0.381372,0.380598,1.0
AlMo2O4,3.2372978099999727,Al,Mo,O,3,1.61,2.16,3.44,0.39,0.69,1.4,57.8,87.0,5.3,0.43283,0.748,1.4611135,8.593568,8.684583,8.684583,1.797041,1.828342,2.208034,1.228705,1.20767,0.369886,0.371974,1.010591
AlNb2O4,3.3176407900000413,Al,Nb,O,3,1.61,1.6,3.44,0.39,0.72,1.4,57.8,98.0,5.3,0.43283,0.917406,1.4611135,8.565035,8.55961,8.55961,1.783577,1.749661,2.197949,1.232326,1.256214,0.370278,0.367991,0.999367
AlNd2O4,2.083343560000003,Al,Nd,O,3,1.61,1.14,3.44,0.39,0.983,1.4,57.8,208.0,5.3,0.43283,1.916,1.4611135,9.377394,9.377346,9.377346,1.827805,1.832115,2.428151,1.328452,1.325327,0.362535,0.362801,0.999995
AlNd2S4,1.086073390000024,Al,Nd,S,3,1.61,1.14,2.58,0.39,0.983,1.84,57.8,208.0,19.4,0.43283,1.916,2.07710403,11.178533,11.178533,11.178533,2.301653,2.300939,2.846937,1.236909,1.237293,0.368876,0.368839,1.0
AlNd2Se4,0.9633026500000028,Al,Nd,Se,3,1.61,1.14,2.55,0.39,0.983,1.98,57.8,208.0,28.9,0.43283,1.916,2.02067,11.71163,11.71163,11.71163,2.445174,2.443443,2.968212,1.213906,1.214766,0.37054,0.370455,1.0
AlNi2O4,1.0705524400000286,Al,Ni,O,3,1.61,1.91,3.44,0.39,0.6,1.4,57.8,49.0,5.3,0.43283,1.156,1.4611135,8.3629,8.117903,8.117903,1.816996,1.799652,2.005745,1.10388,1.114518,0.377939,0.376718,0.970704
AlNi2S4,0.7028612400000043,Al,Ni,S,3,1.61,1.91,2.58,0.39,0.6,1.84,57.8,49.0,19.4,0.43283,1.156,2.07710403,9.729134,9.729134,9.729134,2.29346,2.285901,2.321623,1.01228,1.015627,0.386099,0.385651,1.0
AlNi2Se4,0.6718032200000152,Al,Ni,Se,3,1.61,1.91,2.55,0.39,0.6,1.98,57.8,49.0,28.9,0.43283,1.156,2.02067,10.309674,10.309674,10.309674,2.453313,2.452353,2.452022,0.999474,0.999865,0.387388,0.387334,1.0
AlPd2S4,1.0734253699999954,Al,Pd,S,3,1.61,2.2,2.58,0.39,0.76,1.84,57.8,26.14,19.4,0.43283,0.562,2.07710403,10.167353,10.167353,10.167353,2.318316,2.293798,2.461596,1.061804,1.073153,0.381645,0.380253,1.0
AlPd2Se4,0.8981536200000164,Al,Pd,Se,3,1.61,2.2,2.55,0.39,0.76,1.98,57.8,26.14,28.9,0.43283,0.562,2.02067,10.730021,10.730021,10.730021,2.482992,2.468571,2.583206,1.04036,1.046438,0.383602,0.382826,1.0
AlRu2O4,0.6980762900000173,Al,Ru,O,3,1.61,2.2,3.44,0.39,0.68,1.4,57.8,72.0,5.3,0.43283,1.05,1.4611135,8.413946,8.420608,8.420608,1.789444,1.785431,2.11019,1.179243,1.181894,0.372724,0.372449,1.000792
AlRu2S4,1.2149805299999912,Al,Ru,S,3,1.61,2.2,2.58,0.39,0.68,1.84,57.8,72.0,19.4,0.43283,1.05,2.07710403,9.949404,9.949404,9.949404,2.333497,2.322084,2.385941,1.022474,1.0275,0.38541,0.384747,1.0
AlSc2O4,1.6902752700000292,Al,Sc,O,3,1.61,1.36,3.44,0.39,0.745,1.4,57.8,97.0,5.3,0.43283,0.188,1.4611135,8.61434,8.61434,8.61434,1.813335,1.814146,2.160142,1.191254,1.190722,0.371533,0.371588,1.0
AlSc2S4,0.8692735900000343,Al,Sc,S,3,1.61,1.36,2.58,0.39,0.745,1.84,57.8,97.0,19.4,0.43283,0.188,2.07710403,10.462143,10.462143,10.462143,2.289649,2.283017,2.59473,1.133243,1.136536,0.376354,0.375988,1.0
AlSc2Se4,0.6629754499999763,Al,Sc,Se,3,1.61,1.36,2.55,0.39,0.745,1.98,57.8,97.0,28.9,0.43283,0.188,2.02067,11.026665,11.026665,11.026665,2.437825,2.430153,2.726799,1.118538,1.122069,0.377643,0.377242,1.0
AlTi2O4,0.8096467099999813,Al,Ti,O,3,1.61,1.54,3.44,0.39,0.67,1.4,57.8,87.0,5.3,0.43283,0.079,1.4611135,8.355913,8.348176,8.348176,1.783925,1.772452,2.091636,1.172491,1.18008,0.373336,0.372543,0.999074
AlTi2S4,0.6339460300000042,Al,Ti,S,3,1.61,1.54,2.58,0.39,0.67,1.84,57.8,87.0,19.4,0.43283,0.079,2.07710403,10.138677,10.138677,10.138677,2.281084,2.253877,2.508151,1.099543,1.112816,0.379897,0.378348,1.0
AlTm2O4,1.8071436999999833,Al,Tm,O,3,1.61,1.25,3.44,0.39,0.88,1.4,57.8,144.0,5.3,0.43283,1.029,1.4611135,8.965332,8.965332,8.965332,1.823169,1.825765,2.281232,1.251245,1.249467,0.367409,0.367576,1.0
AlTm2S4,0.9925427499999842,Al,Tm,S,3,1.61,1.25,2.58,0.39,0.88,1.84,57.8,144.0,19.4,0.43283,1.029,2.07710403,10.780511,10.780511,10.780511,2.303128,2.29823,2.70242,1.173369,1.17587,0.373344,0.373082,1.0
AlTm2Se4,0.7318161800000098,Al,Tm,Se,3,1.61,1.25,2.55,0.39,0.88,1.98,57.8,144.0,28.9,0.43283,1.029,2.02067,11.35776,11.35776,11.35776,2.458539,2.450366,2.833041,1.152327,1.15617,0.374975,0.37456,1.0
AlV2O4,1.2038807200000292,Al,V,O,3,1.61,1.63,3.44,0.39,0.64,1.4,57.8,87.0,5.3,0.43283,0.525,1.4611135,8.48919,8.331192,8.331192,1.801406,1.81536,2.081382,1.155421,1.146539,0.374053,0.375014,0.981388
AlV2S4,1.3927212300000065,Al,V,S,3,1.61,1.63,2.58,0.39,0.64,1.84,57.8,87.0,19.4,0.43283,0.525,2.07710403,10.094877,10.094877,10.094877,2.301693,2.251436,2.473857,1.074799,1.098791,0.381639,0.378765,1.0
AlV2Se4,1.4660308500000383,Al,V,Se,3,1.61,1.63,2.55,0.39,0.64,1.98,57.8,87.0,28.9,0.43283,0.525,2.02067,10.667346,10.667346,10.667346,2.460041,2.458906,2.606486,1.059529,1.060019,0.383145,0.383084,1.0
AlY2O4,1.876868110000032,Al,Y,O,3,1.61,1.22,3.44,0.39,0.9,1.4,57.8,162.0,5.3,0.43283,0.307,1.4611135,9.070861,9.070861,9.070861,1.823235,1.828075,2.318173,1.271461,1.268095,0.366047,0.366355,1.0
AlY2S4,1.0313447099999848,Al,Y,S,3,1.61,1.22,2.58,0.39,0.9,1.84,57.8,162.0,19.4,0.43283,0.307,2.07710403,10.888396,10.888396,10.888396,2.301936,2.29829,2.741065,1.190765,1.192654,0.372059,0.371865,1.0
AlY2Se4,0.819446580000033,Al,Y,Se,3,1.61,1.22,2.55,0.39,0.9,1.98,57.8,162.0,28.9,0.43283,0.307,2.02067,11.443664,11.443664,11.443664,2.450813,2.443357,2.867455,1.170001,1.173572,0.373647,0.373271,1.0
CaAl2O4,0.4463929200000507,Ca,Al,O,2,1.0,1.61,3.44,1.0,0.535,1.4,160.8,57.8,5.3,0.02455,0.43283,1.4611135,8.521275,8.521275,8.521275,2.148027,2.152313,1.9724,0.918238,0.91641,0.395537,0.395828,1.0
CaAl2S4,0.6611503199999902,Ca,Al,S,2,1.0,1.61,2.58,1.0,0.535,1.84,160.8,57.8,19.4,0.02455,0.43283,2.07710403,10.600404,10.600404,10.600404,2.623889,2.630224,2.480091,0.945197,0.94292,0.39291,0.393255,1.0
CaAl2Se4,0.6963169200000152,Ca,Al,Se,2,1.0,1.61,2.55,1.0,0.535,1.98,160.8,57.8,28.9,0.02455,0.43283,2.02067,11.210168,11.210168,11.210168,2.759661,2.766639,2.631434,0.953535,0.95113,0.392129,0.392488,1.0
CaCo2S4,0.937490940000032,Ca,Co,S,2,1.0,1.88,2.58,1.0,0.61,1.84,160.8,55.0,19.4,0.02455,0.66225646,2.07710403,10.118824,10.118824,10.118824,2.617905,2.630521,2.316333,0.884804,0.88056,0.39937,0.40009,1.0
CaCo2Se4,0.8655544000000077,Ca,Co,Se,2,1.0,1.88,2.55,1.0,0.61,1.98,160.8,55.0,28.9,0.02455,0.66225646,2.02067,10.679706,10.679706,10.679706,2.747049,2.762721,2.452858,0.892906,0.887841,0.398507,0.399354,1.0
CaCr2O4,0.6343420299999707,Ca,Cr,O,2,1.0,1.66,3.44,1.0,0.615,1.4,160.8,83.0,5.3,0.02455,0.6659999999999999,1.4611135,8.752165,8.836914,8.836914,2.209711,2.206768,2.041363,0.923815,0.925046,0.394832,0.394639,1.009683
CaCr2S4,0.5929326899999978,Ca,Cr,S,2,1.0,1.66,2.58,1.0,0.615,1.84,160.8,83.0,19.4,0.02455,0.6659999999999999,2.07710403,10.550802,10.550802,10.550802,2.648498,2.654969,2.450144,0.925107,0.922852,0.394928,0.395282,1.0
CaCr2Se4,0.7861087499999826,Ca,Cr,Se,2,1.0,1.66,2.55,1.0,0.615,1.98,160.8,83.0,28.9,0.02455,0.6659999999999999,2.02067,11.117362,11.117362,11.117362,2.780481,2.78881,2.588667,0.931014,0.928234,0.394397,0.394829,1.0
CaEr2O4,0.4604606699999749,Ca,Er,O,2,1.0,1.24,3.44,1.0,0.89,1.4,160.8,150.0,5.3,0.02455,,1.4611135,9.568825,9.568825,9.568825,2.290959,2.285101,2.263234,0.987898,0.990431,0.388229,0.387875,1.0
CaEr2S4,0.5751195299999949,Ca,Er,S,2,1.0,1.24,2.58,1.0,0.89,1.84,160.8,150.0,19.4,0.02455,,2.07710403,11.429408,11.429408,11.429408,2.708123,2.7084,2.72834,1.007466,1.007362,0.386799,0.386813,1.0
CaEr2Se4,0.6335614199999782,Ca,Er,Se,2,1.0,1.24,2.55,1.0,0.89,1.98,160.8,150.0,28.9,0.02455,,2.02067,11.95224,11.95224,11.95224,2.825815,2.82784,2.860671,1.012335,1.01161,0.3865,0.386598,1.0
CaFe2S4,1.0255531199999837,Ca,Fe,S,2,1.0,1.83,2.58,1.0,0.645,1.84,160.8,62.0,19.4,0.02455,0.151,2.07710403,10.189534,10.189534,10.189534,2.623831,2.63854,2.34661,0.894345,0.889359,0.398669,0.399503,1.0
CaGa2O4,0.4788227600000141,Ca,Ga,O,2,1.0,1.81,3.44,1.0,0.62,1.4,160.8,50.0,5.3,0.02455,0.43,1.4611135,8.807787,8.807787,8.807787,2.185207,2.187408,2.053893,0.939907,0.938962,0.39324,0.393385,1.0
CaGa2S4,0.6528471600000216,Ca,Ga,S,2,1.0,1.81,2.58,1.0,0.62,1.84,160.8,50.0,19.4,0.02455,0.43,2.07710403,10.760465,10.760465,10.760465,2.64391,2.649109,2.527416,0.955939,0.954063,0.391858,0.392137,1.0
CaGa2Se4,0.6299955700000055,Ca,Ga,Se,2,1.0,1.81,2.55,1.0,0.62,1.98,160.8,50.0,28.9,0.02455,0.43,2.02067,11.359393,11.359393,11.359393,2.780559,2.78622,2.674975,0.962028,0.960073,0.391324,0.391612,1.0
CaIn2O4,0.4053118300000164,Ca,In,O,2,1.0,1.78,3.44,1.0,0.8,1.4,160.8,65.0,5.3,0.02455,0.3,1.4611135,9.38398,9.38398,9.38398,2.250274,2.247039,2.221569,0.987244,0.988665,0.388448,0.388249,1.0
CaIn2S4,0.5797814000000017,Ca,In,S,2,1.0,1.78,2.58,1.0,0.8,1.84,160.8,65.0,19.4,0.02455,0.3,2.07710403,11.242531,11.242531,11.242531,2.691955,2.693499,2.67263,0.992821,0.992252,0.388243,0.388322,1.0
CaIn2Se4,0.5803612100000066,Ca,In,Se,2,1.0,1.78,2.55,1.0,0.8,1.98,160.8,65.0,28.9,0.02455,0.3,2.02067,11.806043,11.806043,11.806043,2.821023,2.82278,2.812011,0.996805,0.996185,0.387956,0.388042,1.0
CaLa2O4,0.4259864399999742,Ca,La,O,2,1.0,1.1,3.44,1.0,1.032,1.4,160.8,215.0,5.3,0.02455,0.47,1.4611135,10.176305,10.176305,10.176305,2.360422,2.350733,2.433261,1.030859,1.035108,0.383918,0.383368,1.0
CaLa2S4,0.3731052199999567,Ca,La,S,2,1.0,1.1,2.58,1.0,1.032,1.84,160.8,215.0,19.4,0.02455,0.47,2.07710403,11.983617,11.983617,11.983617,2.766171,2.759688,2.889654,1.044641,1.047095,0.383269,0.382957,1.0
CaLa2Se4,0.4471044199999596,Ca,La,Se,2,1.0,1.1,2.55,1.0,1.032,1.98,160.8,215.0,28.9,0.02455,0.47,2.02067,12.479065,12.479065,12.479065,2.875889,2.871488,3.015699,1.048614,1.050222,0.383054,0.382851,1.0
CaMn2Se4,0.6183257800000206,Ca,Mn,Se,2,1.0,1.55,2.55,1.0,0.645,1.98,160.8,68.0,28.9,0.02455,,2.02067,11.241909,11.241909,11.241909,2.802065,2.809655,2.627951,0.937862,0.935329,0.393906,0.394295,1.0
CaMo2Se4,0.953930889999981,Ca,Mo,Se,2,1.0,2.16,2.55,1.0,0.69,1.98,160.8,87.0,28.9,0.02455,0.748,2.02067,11.398425,11.398425,11.398425,2.816437,2.821237,2.671056,0.948381,0.946767,0.392657,0.392901,1.0
CaNb2O4,2.864761200000032,Ca,Nb,O,2,1.0,1.6,3.44,1.0,0.72,1.4,160.8,98.0,5.3,0.02455,0.917406,1.4611135,9.038885,9.142027,9.142027,2.210674,2.152149,2.186232,0.988944,1.015837,0.390139,0.386429,1.011411
CaNd2O4,0.453567439999972,Ca,Nd,O,2,1.0,1.14,3.44,1.0,0.983,1.4,160.8,208.0,5.3,0.02455,1.916,1.4611135,10.012339,10.012338,10.012338,2.338058,2.328076,2.391815,1.022992,1.027378,0.384821,0.384246,1.0
CaNd2S4,0.4680270199999654,Ca,Nd,S,2,1.0,1.14,2.58,1.0,0.983,1.84,160.8,208.0,19.4,0.02455,1.916,2.07710403,11.816128,11.816128,11.816128,2.742757,2.738793,2.845684,1.037527,1.039028,0.384014,0.383821,1.0
CaNd2Se4,0.5511790799999972,Ca,Nd,Se,2,1.0,1.14,2.55,1.0,0.983,1.98,160.8,208.0,28.9,0.02455,1.916,2.02067,12.317887,12.317887,12.317887,2.855883,2.852723,2.972993,1.041007,1.04216,0.383858,0.38371,1.0
CaPd2Se4,0.6067459999999869,Ca,Pd,Se,2,1.0,2.2,2.55,1.0,0.76,1.98,160.8,26.14,28.9,0.02455,0.562,2.02067,11.202171,11.202171,11.202171,2.824885,2.817116,2.595166,0.91868,0.921214,0.395592,0.395192,1.0
CaRu2O4,0.7312520099999915,Ca,Ru,O,2,1.0,2.2,3.44,1.0,0.68,1.4,160.8,72.0,5.3,0.02455,1.05,1.4611135,10.264332,8.034704,8.034704,2.266496,2.25227,2.075453,0.91571,0.921494,0.399074,0.398139,0.782779
CaSc2O4,0.3844834000000219,Ca,Sc,O,2,1.0,1.36,3.44,1.0,0.745,1.4,160.8,97.0,5.3,0.02455,0.188,1.4611135,9.134877,9.134877,9.134877,2.232322,2.229927,2.142336,0.95969,0.96072,0.391089,0.390938,1.0
CaSc2S4,0.7097382800000105,Ca,Sc,S,2,1.0,1.36,2.58,1.0,0.745,1.84,160.8,97.0,19.4,0.02455,0.188,2.07710403,11.050182,11.050182,11.050182,2.674673,2.677217,2.613742,0.977219,0.976291,0.389746,0.389879,1.0
CaSc2Se4,0.7500958900000114,Ca,Sc,Se,2,1.0,1.36,2.55,1.0,0.745,1.98,160.8,97.0,28.9,0.02455,0.188,2.02067,11.589535,11.589535,11.589535,2.797882,2.80021,2.747829,0.98211,0.981294,0.389381,0.389497,1.0
CaTi2O4,0.6446922499999914,Ca,Ti,O,2,1.0,1.54,3.44,1.0,0.67,1.4,160.8,87.0,5.3,0.02455,0.079,1.4611135,8.880413,8.856101,8.856101,2.194076,2.1936,2.071439,0.944105,0.94431,0.392906,0.392875,0.997262
CaTi2S4,0.5978108500000303,Ca,Ti,S,2,1.0,1.54,2.58,1.0,0.67,1.84,160.8,87.0,19.4,0.02455,0.079,2.07710403,10.735198,10.735198,10.735198,2.657812,2.668873,2.53598,0.954161,0.950206,0.39294,0.393535,1.0
CaTi2Se4,0.6063342499999749,Ca,Ti,Se,2,1.0,1.54,2.55,1.0,0.67,1.98,160.8,87.0,28.9,0.02455,0.079,2.02067,11.29531,11.29531,11.29531,2.791156,2.803799,2.677151,0.959155,0.95483,0.392668,0.393314,1.0
CaTm2O4,0.4088998500000116,Ca,Tm,O,2,1.0,1.25,3.44,1.0,0.88,1.4,160.8,144.0,5.3,0.02455,1.029,1.4611135,9.520766,9.520766,9.520766,2.284794,2.279249,2.249661,0.984623,0.987019,0.388553,0.388216,1.0
CaTm2S4,0.5860111899999652,Ca,Tm,S,2,1.0,1.25,2.58,1.0,0.88,1.84,160.8,144.0,19.4,0.02455,1.029,2.07710403,11.394173,11.394173,11.394173,2.705018,2.705539,2.717835,1.004738,1.004545,0.387065,0.387091,1.0
CaTm2Se4,0.6379029400000036,Ca,Tm,Se,2,1.0,1.25,2.55,1.0,0.88,1.98,160.8,144.0,28.9,0.02455,1.029,2.02067,11.922098,11.922098,11.922098,2.82334,2.825467,2.850941,1.009776,1.009016,0.386726,0.386829,1.0
CaV2O4,0.5574494900000104,Ca,V,O,2,1.0,1.63,3.44,1.0,0.64,1.4,160.8,87.0,5.3,0.02455,0.525,1.4611135,8.750834,8.979232,8.979232,2.225613,2.225474,2.069195,0.929719,0.929777,0.394327,0.394318,1.0261
CaV2S4,0.5310896899999875,Ca,V,S,2,1.0,1.63,2.58,1.0,0.64,1.84,160.8,87.0,19.4,0.02455,0.525,2.07710403,10.61255,10.61255,10.61255,2.664174,2.678543,2.494452,0.936295,0.931272,0.394938,0.39572,1.0
CaV2Se4,0.4300042700000404,Ca,V,Se,2,1.0,1.63,2.55,1.0,0.64,1.98,160.8,87.0,28.9,0.02455,0.525,2.02067,11.170923,11.170923,11.170923,2.795244,2.808357,2.63454,0.942508,0.938107,0.394467,0.395145,1.0
CaY2O4,0.4169780700000274,Ca,Y,O,2,1.0,1.22,3.44,1.0,0.9,1.4,160.8,162.0,5.3,0.02455,0.307,1.4611135,9.644763,9.644763,9.644763,2.300524,2.29335,2.284335,0.992963,0.996069,0.387713,0.387283,1.0
CaY2S4,0.5502486600000225,Ca,Y,S,2,1.0,1.22,2.58,1.0,0.9,1.84,160.8,162.0,19.4,0.02455,0.307,2.07710403,11.502783,11.502783,11.502783,2.714624,2.714128,2.750077,1.01306,1.013245,0.386253,0.386228,1.0
CaY2Se4,0.6142866999999796,Ca,Y,Se,2,1.0,1.22,2.55,1.0,0.9,1.98,160.8,162.0,28.9,0.02455,0.307,2.02067,12.022525,12.022525,12.022525,2.832108,2.833519,2.882183,1.017681,1.017174,0.386005,0.386072,1.0
LiAl2O4,0.5035157199999958,Li,Al,O,1,0.98,1.61,3.44,0.59,0.535,1.4,164.1125,57.8,5.3,0.618049,0.43283,1.4611135,8.113308,8.109961,8.109961,1.957987,1.964477,1.913328,0.977191,0.973963,0.38937,0.389832,0.999588
LiAl2S4,0.2113697700000045,Li,Al,S,1,0.98,1.61,2.58,0.59,0.535,1.84,164.1125,57.8,19.4,0.618049,0.43283,2.07710403,10.089194,10.089194,10.089194,2.367233,2.377166,2.422782,1.023465,1.019189,0.385464,0.386032,1.0
LiAl2Se4,0.2203644699999927,Li,Al,Se,1,0.98,1.61,2.55,0.59,0.535,1.98,164.1125,57.8,28.9,0.618049,0.43283,2.02067,10.678939,10.678939,10.678939,2.48958,2.500023,2.575074,1.034341,1.03002,0.384598,0.385162,1.0
LiCo2O4,0.2038937599999712,Li,Co,O,1,0.98,1.88,3.44,0.59,0.61,1.4,164.1125,55.0,5.3,0.618049,0.66225646,1.4611135,8.327178,8.252028,8.252028,2.031494,2.026391,1.933501,0.951763,0.95416,0.391703,0.391347,0.990975
LiCo2S4,0.2537828000000104,Li,Co,S,1,0.98,1.88,2.58,0.59,0.61,1.84,164.1125,55.0,19.4,0.618049,0.66225646,2.07710403,9.61102,9.61102,9.61102,2.354961,2.365568,2.261045,0.96012,0.955815,0.391467,0.392104,1.0
LiCo2Se4,0.2232791600000041,Li,Co,Se,1,0.98,1.88,2.55,0.59,0.61,1.98,164.1125,55.0,28.9,0.618049,0.66225646,2.02067,10.151502,10.151502,10.151502,2.476984,2.491278,2.395125,0.966952,0.961404,0.390874,0.391687,1.0
LiCr2O4,1.5358766599999851,Li,Cr,O,1,0.98,1.66,3.44,0.59,0.615,1.4,164.1125,83.0,5.3,0.618049,0.6659999999999999,1.4611135,8.517118,8.224154,8.224154,1.990225,1.993583,1.971451,0.990567,0.988898,0.388078,0.388311,0.965603
LiCr2S4,0.2124370699999644,Li,Cr,S,1,0.98,1.66,2.58,0.59,0.615,1.84,164.1125,83.0,19.4,0.618049,0.6659999999999999,2.07710403,9.969492,9.969492,9.969492,2.363824,2.356298,2.394623,1.013029,1.016265,0.386893,0.386457,1.0
LiCr2Se4,0.2007221900000217,Li,Cr,Se,1,0.98,1.66,2.55,0.59,0.615,1.98,164.1125,83.0,28.9,0.618049,0.6659999999999999,2.02067,10.525428,10.525428,10.525428,2.474654,2.471963,2.533184,1.023652,1.024766,0.385742,0.385594,1.0
LiEr2S4,0.1728679199999874,Li,Er,S,1,0.98,1.24,2.58,0.59,0.89,1.84,164.1125,150.0,19.4,0.618049,,2.07710403,11.082854,11.082854,11.082854,2.511488,2.51142,2.703912,1.076618,1.076647,0.380833,0.38083,1.0
LiEr2Se4,0.1691710299999727,Li,Er,Se,1,0.98,1.24,2.55,0.59,0.89,1.98,164.1125,150.0,28.9,0.618049,,2.02067,11.550449,11.550449,11.550449,2.594367,2.59558,2.833806,1.092292,1.091781,0.37968,0.37974,1.0
LiFe2O4,0.3242684900000085,Li,Fe,O,1,0.98,1.83,3.44,0.59,0.645,1.4,164.1125,62.0,5.3,0.618049,0.151,1.4611135,8.426973,8.382498,8.382498,2.059887,2.050966,1.964791,0.953834,0.957984,0.391626,0.391012,0.994722
LiFe2Se4,0.2118518899999912,Li,Fe,Se,1,0.98,1.83,2.55,0.59,0.645,1.98,164.1125,62.0,28.9,0.618049,0.151,2.02067,10.26352,10.26352,10.26352,2.470161,2.430256,2.446258,0.990323,1.006585,0.388953,0.386708,1.0
LiGa2O4,0.4618596400000001,Li,Ga,O,1,0.98,1.81,3.44,0.59,0.62,1.4,164.1125,50.0,5.3,0.618049,0.43,1.4611135,8.413849,8.413849,8.413849,1.985235,1.986372,2.006275,1.010598,1.01002,0.386225,0.386303,1.0
LiGa2S4,0.2549081399999977,Li,Ga,S,1,0.98,1.81,2.58,0.59,0.62,1.84,164.1125,50.0,19.4,0.618049,0.43,2.07710403,10.226343,10.226343,10.226343,2.365412,2.367108,2.473766,1.045808,1.045058,0.383544,0.38364,1.0
LiGa2Se4,0.2363820500000031,Li,Ga,Se,1,0.98,1.81,2.55,0.59,0.62,1.98,164.1125,50.0,28.9,0.618049,0.43,2.02067,10.797578,10.797578,10.797578,2.485986,2.487413,2.620217,1.053995,1.05339,0.382927,0.383003,1.0
LiIn2O4,0.7255971100000238,Li,In,O,1,0.98,1.78,3.44,0.59,0.8,1.4,164.1125,65.0,5.3,0.618049,0.3,1.4611135,9.093532,9.093532,9.093532,2.101012,2.092568,2.191594,1.043114,1.047323,0.383394,0.382858,1.0
LiIn2S4,0.2560539600000027,Li,In,S,1,0.98,1.78,2.58,0.59,0.8,1.84,164.1125,65.0,19.4,0.618049,0.3,2.07710403,10.784763,10.784763,10.784763,2.435683,2.432525,2.636217,1.082332,1.083737,0.380392,0.380223,1.0
LiIn2Se4,0.2128937800000017,Li,In,Se,1,0.98,1.78,2.55,0.59,0.8,1.98,164.1125,65.0,28.9,0.618049,0.3,2.02067,11.311073,11.311073,11.311073,2.546688,2.548003,2.777246,1.090533,1.08997,0.37999,0.380058,1.0
LiLa2S4,0.199995030000025,Li,La,S,1,0.98,1.1,2.58,0.59,1.032,1.84,164.1125,215.0,19.4,0.618049,0.47,2.07710403,11.790585,11.790585,11.790585,2.655637,2.646801,2.876614,1.08321,1.086826,0.380039,0.379606,1.0
LiLa2Se4,0.1937176300000374,Li,La,Se,1,0.98,1.1,2.55,0.59,1.032,1.98,164.1125,215.0,28.9,0.618049,0.47,2.02067,12.227751,12.227751,12.227751,2.720995,2.717712,3.005666,1.10462,1.105955,0.378476,0.378321,1.0
LiMn2O4,1.5769812399999523,Li,Mn,O,1,0.98,1.55,3.44,0.59,0.645,1.4,164.1125,68.0,5.3,0.618049,,1.4611135,8.108789,8.520332,8.520332,2.030526,2.025122,1.975173,0.97274,0.975336,0.389843,0.389471,1.050753
LiMn2S4,0.272008239999991,Li,Mn,S,1,0.98,1.55,2.58,0.59,0.645,1.84,164.1125,68.0,19.4,0.618049,,2.07710403,9.844281,9.844281,9.844281,2.344147,2.34756,2.348169,1.001716,1.000259,0.38748,0.38768,1.0
LiMn2Se4,0.2405649799999878,Li,Mn,Se,1,0.98,1.55,2.55,0.59,0.645,1.98,164.1125,68.0,28.9,0.618049,,2.02067,10.585434,10.585434,10.585434,2.494036,2.497571,2.539925,1.018399,1.016958,0.38603,0.386222,1.0
LiNd2S4,0.220367949999968,Li,Nd,S,1,0.98,1.14,2.58,0.59,0.983,1.84,164.1125,208.0,19.4,0.618049,1.916,2.07710403,11.552594,11.552594,11.552594,2.591039,2.587869,2.829723,1.092119,1.093457,0.379489,0.379331,1.0
LiNd2Se4,0.1447784499999898,Li,Nd,Se,1,0.98,1.14,2.55,0.59,0.983,1.98,164.1125,208.0,28.9,0.618049,1.916,2.02067,11.994449,11.994449,11.994449,2.665985,2.665238,2.955854,1.108729,1.10904,0.378327,0.378291,1.0
LiNi2O4,0.2644955600000003,Li,Ni,O,1,0.98,1.91,3.44,0.59,0.6,1.4,164.1125,49.0,5.3,0.618049,1.156,1.4611135,7.895914,8.208714,8.208714,1.952986,1.950081,1.917145,0.981648,0.98311,0.389128,0.388921,1.039615
LiNi2S4,0.3022451499999761,Li,Ni,S,1,0.98,1.91,2.58,0.59,0.6,1.84,164.1125,49.0,19.4,0.618049,1.156,2.07710403,9.691497,9.691497,9.691497,2.354227,2.359424,2.287358,0.971596,0.969456,0.390248,0.390558,1.0
LiNi2Se4,0.2283233400000028,Li,Ni,Se,1,0.98,1.91,2.55,0.59,0.6,1.98,164.1125,49.0,28.9,0.618049,1.156,2.02067,10.389629,10.389629,10.389629,2.538244,2.542708,2.443274,0.962585,0.960895,0.39105,0.391298,1.0
LiPd2S4,0.3161685900000179,Li,Pd,S,1,0.98,2.2,2.58,0.59,0.76,1.84,164.1125,26.14,19.4,0.618049,0.562,2.07710403,10.175062,10.175062,10.175062,2.43401,2.434589,2.418397,0.993585,0.993349,0.38811,0.388143,1.0
LiSc2O4,0.384160780000002,Li,Sc,O,1,0.98,1.36,3.44,0.59,0.745,1.4,164.1125,97.0,5.3,0.618049,0.188,1.4611135,8.890996,8.890996,8.890996,2.111832,2.109264,2.112615,1.000371,1.001589,0.387135,0.386968,1.0
LiSc2S4,0.189689009999995,Li,Sc,S,1,0.98,1.36,2.58,0.59,0.745,1.84,164.1125,97.0,19.4,0.618049,0.188,2.07710403,10.610192,10.610192,10.610192,2.433043,2.435943,2.576152,1.058819,1.057558,0.382393,0.382551,1.0
LiSc2Se4,0.2053465299999857,Li,Sc,Se,1,0.98,1.36,2.55,0.59,0.745,1.98,164.1125,97.0,28.9,0.618049,0.188,2.02067,11.114824,11.114824,11.114824,2.535127,2.539435,2.709206,1.068667,1.066854,0.381685,0.381909,1.0
LiTi2O4,0.3998892099999693,Li,Ti,O,1,0.98,1.54,3.44,0.59,0.67,1.4,164.1125,87.0,5.3,0.618049,0.079,1.4611135,8.452146,8.451941,8.451941,2.013488,2.008377,2.008924,0.997734,1.000273,0.38754,0.387191,0.999976
LiTi2S4,0.2170990100000267,Li,Ti,S,1,0.98,1.54,2.58,0.59,0.67,1.84,164.1125,87.0,19.4,0.618049,0.079,2.07710403,10.171168,10.171168,10.171168,2.357545,2.360975,2.463132,1.044787,1.043269,0.383822,0.384017,1.0
LiTi2Se4,0.2561837299999752,Li,Ti,Se,1,0.98,1.54,2.55,0.59,0.67,1.98,164.1125,87.0,28.9,0.618049,0.079,2.02067,10.693366,10.693366,10.693366,2.462174,2.464948,2.600463,1.056165,1.054977,0.382936,0.383086,1.0
LiTm2S4,0.1747861800000123,Li,Tm,S,1,0.98,1.25,2.58,0.59,0.88,1.84,164.1125,144.0,19.4,0.618049,1.029,2.07710403,11.033633,11.033633,11.033633,2.50152,2.501563,2.691528,1.075957,1.075939,0.380896,0.380898,1.0
LiTm2Se4,0.1715306500000224,Li,Tm,Se,1,0.98,1.25,2.55,0.59,0.88,1.98,164.1125,144.0,28.9,0.618049,1.029,2.02067,11.513194,11.513194,11.513194,2.590199,2.592892,2.822802,1.089801,1.088669,0.37989,0.380025,1.0
LiY2S4,0.1704045799999676,Li,Y,S,1,0.98,1.22,2.58,0.59,0.9,1.84,164.1125,162.0,19.4,0.618049,0.307,2.07710403,11.162871,11.162871,11.162871,2.521517,2.519943,2.727159,1.081555,1.08223,0.380414,0.380333,1.0
LiY2Se4,0.1622302899999681,Li,Y,Se,1,0.98,1.22,2.55,0.59,0.9,1.98,164.1125,162.0,28.9,0.618049,0.307,2.02067,11.638665,11.638665,11.638665,2.608939,2.609467,2.858049,1.095483,1.095262,0.37942,0.379446,1.0
LiZr2S4,0.1717830599999956,Li,Zr,S,1,0.98,1.33,2.58,0.59,0.72,1.84,164.1125,112.0,19.4,0.618049,0.426,2.07710403,10.630786,10.630786,10.630786,2.425492,2.426221,2.592176,1.068722,1.068401,0.381727,0.381766,1.0
LiZr2Se4,0.1875105000000303,Li,Zr,Se,1,0.98,1.33,2.55,0.59,0.72,1.98,164.1125,112.0,28.9,0.618049,0.426,2.02067,11.122073,11.122073,11.122073,2.519631,2.521525,2.726097,1.081943,1.08113,0.380795,0.380893,1.0
MgAl2O4,0.7396478800000068,Mg,Al,O,2,1.31,1.61,3.44,0.57,0.535,1.4,71.2,57.8,5.3,,0.43283,1.4611135,8.17153,8.17153,8.17153,1.962069,1.959341,1.933139,0.985255,0.986627,0.388628,0.388435,1.0
MgAl2Se4,0.4594591199999911,Mg,Al,Se,2,1.31,1.61,2.55,0.57,0.535,1.98,71.2,57.8,28.9,,0.43283,2.02067,10.848841,10.848841,10.848841,2.56853,2.566206,2.593072,1.009555,1.010469,0.386691,0.386568,1.0
MgCo2O4,0.2214011899999945,Mg,Co,O,2,1.31,1.88,3.44,0.57,0.61,1.4,71.2,55.0,5.3,,0.66225646,1.4611135,8.152118,8.587833,8.587833,2.061795,2.054085,1.97747,0.959101,0.962701,0.390997,0.390469,1.053448
MgCo2S4,0.5005540699999642,Mg,Co,S,2,1.31,1.88,2.58,0.57,0.61,1.84,71.2,55.0,19.4,,0.66225646,2.07710403,9.786371,9.786371,9.786371,2.435075,2.444014,2.280741,0.936621,0.933195,0.393658,0.394185,1.0
MgCr2O4,0.4648884800000132,Mg,Cr,O,2,1.31,1.66,3.44,0.57,0.615,1.4,71.2,83.0,5.3,,0.6659999999999999,1.4611135,8.430201,8.499979,8.499979,2.008023,2.00103,2.016554,1.004249,1.007758,0.386767,0.38629,1.008277
MgCr2S4,0.5603630299999622,Mg,Cr,S,2,1.31,1.66,2.58,0.57,0.615,1.84,71.2,83.0,19.4,,0.6659999999999999,2.07710403,10.199269,10.199269,10.199269,2.447523,2.45038,2.421024,0.989174,0.98802,0.388547,0.388709,1.0
MgCr2Se4,0.4288931400000138,Mg,Cr,Se,2,1.31,1.66,2.55,0.57,0.615,1.98,71.2,83.0,28.9,,0.6659999999999999,2.02067,10.759772,10.759772,10.759772,2.579198,2.582982,2.55751,0.991591,0.990139,0.388395,0.388598,1.0
MgEr2O4,0.7032539399999678,Mg,Er,O,2,1.31,1.24,3.44,0.57,0.89,1.4,71.2,150.0,5.3,,,1.4611135,9.270997,9.270997,9.270997,2.09262,2.079928,2.251003,1.075686,1.08225,0.380318,0.379527,1.0
MgEr2S4,0.3764049799999611,Mg,Er,S,2,1.31,1.24,2.58,0.57,0.89,1.84,71.2,150.0,19.4,,,2.07710403,11.094728,11.094728,11.094728,2.496341,2.488983,2.714184,1.087265,1.090479,0.379905,0.379522,1.0
MgEr2Se4,0.3305980999999747,Mg,Er,Se,2,1.31,1.24,2.55,0.57,0.89,1.98,71.2,150.0,28.9,,,2.02067,11.614435,11.614435,11.614435,2.614331,2.608205,2.845333,1.08836,1.090916,0.379958,0.379653,1.0
MgFe2O4,0.3556192799999849,Mg,Fe,O,2,1.31,1.83,3.44,0.57,0.645,1.4,71.2,62.0,5.3,,0.151,1.4611135,8.514665,8.497421,8.497421,2.001279,1.988774,2.028171,1.013438,1.01981,0.385883,0.385034,0.997975
MgFe2S4,0.3380831100000137,Mg,Fe,S,2,1.31,1.83,2.58,0.57,0.645,1.84,71.2,62.0,19.4,,0.151,2.07710403,9.842884,9.842884,9.842884,2.428069,2.43659,2.313659,0.95288,0.949548,0.392422,0.392922,1.0
MgFe2Se4,0.3766729299999838,Mg,Fe,Se,2,1.31,1.83,2.55,0.57,0.645,1.98,71.2,62.0,28.9,,0.151,2.02067,10.402672,10.402672,10.402672,2.561721,2.568204,2.448518,0.95581,0.953397,0.392176,0.392536,1.0
MgGa2O4,0.5997830700000009,Mg,Ga,O,2,1.31,1.81,3.44,0.57,0.62,1.4,71.2,50.0,5.3,,0.43,1.4611135,8.46218,8.46218,8.46218,1.991668,1.986299,2.020891,1.014672,1.017415,0.385886,0.385519,1.0
MgGa2S4,0.4654916199999945,Mg,Ga,S,2,1.31,1.81,2.58,0.57,0.62,1.84,71.2,50.0,19.4,,0.43,2.07710403,10.395606,10.395606,10.395606,2.448315,2.444211,2.490103,1.017068,1.018776,0.385974,0.385746,1.0
MgGa2Se4,0.398259859999996,Mg,Ga,Se,2,1.31,1.81,2.55,0.57,0.62,1.98,71.2,50.0,28.9,,0.43,2.02067,10.991587,10.991587,10.991587,2.587232,2.58326,2.640383,1.020544,1.022113,0.385898,0.38569,1.0
MgIn2O4,0.5786488100000042,Mg,In,O,2,1.31,1.78,3.44,0.57,0.8,1.4,71.2,65.0,5.3,,0.3,1.4611135,9.054491,9.054491,9.054491,2.044733,2.029568,2.203601,1.077696,1.085749,0.38038,0.379413,1.0
MgIn2S4,0.4739940599999954,Mg,In,S,2,1.31,1.78,2.58,0.57,0.8,1.84,71.2,65.0,19.4,,0.3,2.07710403,10.888514,10.888514,10.888514,2.48722,2.476132,2.649142,1.065102,1.069871,0.381882,0.381294,1.0
MgIn2Se4,0.4157777199999941,Mg,In,Se,2,1.31,1.78,2.55,0.57,0.8,1.98,71.2,65.0,28.9,,0.3,2.02067,11.4599,11.4599,11.4599,2.623095,2.613382,2.7884,1.063019,1.06697,0.382152,0.381662,1.0
MgLa2S4,0.4763912399999981,Mg,La,S,2,1.31,1.1,2.58,0.57,1.032,1.84,71.2,215.0,19.4,,0.47,2.07710403,11.659804,11.659804,11.659804,2.544337,2.534571,2.884058,1.13352,1.137888,0.375986,0.375503,1.0
MgLa2Se4,0.3652448400000025,Mg,La,Se,2,1.31,1.1,2.55,0.57,1.032,1.98,71.2,215.0,28.9,,0.47,2.02067,12.158049,12.158049,12.158049,2.657117,2.64833,3.010341,1.132935,1.136694,0.376179,0.375761,1.0
MgMn2O4,0.6964592799999991,Mg,Mn,O,2,1.31,1.55,3.44,0.57,0.645,1.4,71.2,68.0,5.3,,,1.4611135,8.124507,8.78467,8.78467,2.019249,2.002407,2.0384,1.009484,1.017975,0.38612,0.384984,1.081256
MgMn2S4,0.5012605000000008,Mg,Mn,S,2,1.31,1.55,2.58,0.57,0.645,1.84,71.2,68.0,19.4,,,2.07710403,10.306399,10.306399,10.306399,2.455492,2.449203,2.456947,1.000593,1.003162,0.387553,0.387201,1.0
MgMn2Se4,0.3963967699999671,Mg,Mn,Se,2,1.31,1.55,2.55,0.57,0.645,1.98,71.2,68.0,28.9,,,2.02067,10.873713,10.873713,10.873713,2.588223,2.58371,2.595188,1.002691,1.004443,0.387424,0.387185,1.0
MgMo2Se4,0.4137934099999825,Mg,Mo,Se,2,1.31,2.16,2.55,0.57,0.69,1.98,71.2,87.0,28.9,,0.748,2.02067,11.061191,11.061191,11.061191,2.611412,2.611067,2.649027,1.014404,1.014538,0.386305,0.386287,1.0
MgNd2S4,0.3921310199999652,Mg,Nd,S,2,1.31,1.14,2.58,0.57,0.983,1.84,71.2,208.0,19.4,,1.916,2.07710403,11.485622,11.485622,11.485622,2.525043,2.51624,2.836499,1.123347,1.127277,0.376927,0.376484,1.0
MgNd2Se4,0.3069482199999811,Mg,Nd,Se,2,1.31,1.14,2.55,0.57,0.983,1.98,71.2,208.0,28.9,,1.916,2.02067,11.986184,11.986184,11.986184,2.638783,2.631034,2.963469,1.123044,1.126352,0.377105,0.376732,1.0
MgNi2O4,0.6544252799999981,Mg,Ni,O,2,1.31,1.91,3.44,0.57,0.6,1.4,71.2,49.0,5.3,,1.156,1.4611135,7.854672,8.516284,8.516284,1.989825,1.978454,1.964315,0.98718,0.992853,0.388484,0.387692,1.084232
MgNi2S4,0.5090360500000202,Mg,Ni,S,2,1.31,1.91,2.58,0.57,0.6,1.84,71.2,49.0,19.4,,1.156,2.07710403,9.900671,9.900671,9.900671,2.431433,2.432637,2.322324,0.955126,0.954653,0.391787,0.391857,1.0
MgNi2Se4,0.5162765800000102,Mg,Ni,Se,2,1.31,1.91,2.55,0.57,0.6,1.98,71.2,49.0,28.9,,1.156,2.02067,10.45371,10.45371,10.45371,2.567793,2.57304,2.45244,0.955077,0.953129,0.391817,0.392107,1.0
MgPd2S4,0.6232353999999987,Mg,Pd,S,2,1.31,2.2,2.58,0.57,0.76,1.84,71.2,26.14,19.4,,0.562,2.07710403,10.343123,10.343123,10.343123,2.484021,2.472899,2.447675,0.985368,0.9898,0.388657,0.388037,1.0
MgPd2Se4,0.4302065200000129,Mg,Pd,Se,2,1.31,2.2,2.55,0.57,0.76,1.98,71.2,26.14,28.9,,0.562,2.02067,10.878973,10.878973,10.878973,2.624146,2.621311,2.57167,0.980003,0.981063,0.389264,0.389114,1.0
MgRu2O4,1.1166898799999672,Mg,Ru,O,2,1.31,2.2,3.44,0.57,0.68,1.4,71.2,72.0,5.3,,1.05,1.4611135,8.956718,8.414134,8.414134,2.004471,2.006917,2.080826,1.038092,1.036827,0.384646,0.38481,0.939422
MgSc2O4,0.4875162200000318,Mg,Sc,O,2,1.31,1.36,3.44,0.57,0.745,1.4,71.2,97.0,5.3,,0.188,1.4611135,8.820347,8.820347,8.820347,2.036868,2.027986,2.12198,1.041786,1.046348,0.383327,0.382745,1.0
MgSc2S4,0.3739191299999902,Mg,Sc,S,2,1.31,1.36,2.58,0.57,0.745,1.84,71.2,97.0,19.4,,0.188,2.07710403,10.702207,10.702207,10.702207,2.462885,2.458875,2.593151,1.052891,1.054609,0.382865,0.382649,1.0
MgSc2Se4,0.3386114900000052,Mg,Sc,Se,2,1.31,1.36,2.55,0.57,0.745,1.98,71.2,97.0,28.9,,0.188,2.02067,11.241258,11.241258,11.241258,2.587279,2.582278,2.726955,1.053985,1.056027,0.382882,0.382626,1.0
MgTi2O4,0.8169707199999721,Mg,Ti,O,2,1.31,1.54,3.44,0.57,0.67,1.4,71.2,87.0,5.3,,0.079,1.4611135,8.521476,8.529236,8.529236,1.981441,1.984879,2.05137,1.035292,1.033499,0.384166,0.384399,1.000911
MgTi2S4,0.2051823799999965,Mg,Ti,S,2,1.31,1.54,2.58,0.57,0.67,1.84,71.2,87.0,19.4,,0.079,2.07710403,10.523011,10.523011,10.523011,2.471168,2.459289,2.528379,1.023151,1.028094,0.385582,0.38493,1.0
MgTi2Se4,0.275659399999995,Mg,Ti,Se,2,1.31,1.54,2.55,0.57,0.67,1.98,71.2,87.0,28.9,,0.079,2.02067,11.063463,11.063463,11.063463,2.611085,2.602116,2.669828,1.022497,1.026022,0.38626,0.385792,1.0
MgTm2O4,0.6814896399999952,Mg,Tm,O,2,1.31,1.25,3.44,0.57,0.88,1.4,71.2,144.0,5.3,,1.029,1.4611135,9.226797,9.226797,9.226797,2.089797,2.07783,2.23732,1.070592,1.076758,0.380765,0.380017,1.0
MgTm2S4,0.3821791599999642,Mg,Tm,S,2,1.31,1.25,2.58,0.57,0.88,1.84,71.2,144.0,19.4,,1.029,2.07710403,11.05755,11.05755,11.05755,2.493048,2.485461,2.702554,1.084036,1.087345,0.38017,0.379774,1.0
MgTm2Se4,0.3338242600000285,Mg,Tm,Se,2,1.31,1.25,2.55,0.57,0.88,1.98,71.2,144.0,28.9,,1.029,2.02067,11.58375,11.58375,11.58375,2.612218,2.605285,2.835307,1.085402,1.088291,0.380197,0.379851,1.0
MgV2O4,0.4559532200000262,Mg,V,O,2,1.31,1.63,3.44,0.57,0.64,1.4,71.2,87.0,5.3,,0.525,1.4611135,8.646574,8.527953,8.527953,2.011409,2.008266,2.047429,1.017908,1.019501,0.385546,0.385334,0.986281
MgV2S4,0.8686092600000279,Mg,V,S,2,1.31,1.63,2.58,0.57,0.64,1.84,71.2,87.0,19.4,,0.525,2.07710403,10.348919,10.348919,10.348919,2.480985,2.487933,2.4804,0.999764,0.996972,0.38841,0.388798,1.0
MgV2Se4,0.4039302099999986,Mg,V,Se,2,1.31,1.63,2.55,0.57,0.64,1.98,71.2,87.0,28.9,,0.525,2.02067,10.911683,10.911683,10.911683,2.617972,2.622429,2.621008,1.00116,0.999458,0.38852,0.388756,1.0
MgY2O4,0.7387290099999859,Mg,Y,O,2,1.31,1.22,3.44,0.57,0.9,1.4,71.2,162.0,5.3,,0.307,1.4611135,9.344874,9.344874,9.344874,2.099685,2.086336,2.272734,1.082417,1.089343,0.379724,0.378899,1.0
MgY2S4,0.3834385900000256,Mg,Y,S,2,1.31,1.22,2.58,0.57,0.9,1.84,71.2,162.0,19.4,,0.307,2.07710403,11.169389,11.169389,11.169389,2.501756,2.493551,2.737267,1.094138,1.097738,0.379317,0.378893,1.0
MgY2Se4,0.3277580600000078,Mg,Y,Se,2,1.31,1.22,2.55,0.57,0.9,1.98,71.2,162.0,28.9,,0.307,2.02067,11.683076,11.683076,11.683076,2.618351,2.611204,2.867523,1.095164,1.098161,0.379393,0.37904,1.0
NaAl2O4,0.8406464199999846,Na,Al,O,1,0.93,1.61,3.44,0.99,0.535,1.4,162.7,57.8,5.3,0.547926,0.43283,1.4611135,8.413287,8.418445,8.418445,2.133194,2.151153,1.942696,0.910698,0.903095,0.396328,0.39756,1.000613
NaAl2S4,0.3326447499999858,Na,Al,S,1,0.93,1.61,2.58,0.99,0.535,1.84,162.7,57.8,19.4,0.547926,0.43283,2.07710403,10.461083,10.461083,10.461083,2.587032,2.600404,2.452503,0.947999,0.943124,0.392779,0.393517,1.0
NaAl2Se4,0.3157404700000086,Na,Al,Se,1,0.93,1.61,2.55,0.99,0.535,1.98,162.7,57.8,28.9,0.547926,0.43283,2.02067,11.065495,11.065495,11.065495,2.717434,2.732993,2.605513,0.958814,0.953355,0.391784,0.392596,1.0
NaCo2O4,0.4214093500000331,Na,Co,O,1,0.93,1.88,3.44,0.99,0.61,1.4,162.7,55.0,5.3,0.547926,0.66225646,1.4611135,7.817627,9.047664,9.047664,2.244536,2.24485,1.977006,0.880808,0.880685,0.400027,0.400048,1.157341
NaCo2S4,0.3775313000000437,Na,Co,S,1,0.93,1.88,2.58,0.99,0.61,1.84,162.7,55.0,19.4,0.547926,0.66225646,2.07710403,9.963545,9.963545,9.963545,2.568717,2.583665,2.287622,0.89057,0.885418,0.398848,0.399714,1.0
NaCo2Se4,0.4070539600000131,Na,Co,Se,1,0.93,1.88,2.55,0.99,0.61,1.98,162.7,55.0,28.9,0.547926,0.66225646,2.02067,10.507798,10.507798,10.507798,2.690267,2.709724,2.423102,0.900692,0.894224,0.397817,0.398886,1.0
NaCr2O4,0.2942754800000102,Na,Cr,O,1,0.93,1.66,3.44,0.99,0.615,1.4,162.7,83.0,5.3,0.547926,0.6659999999999999,1.4611135,8.743038,8.602891,8.602891,2.192627,2.200477,1.995321,0.910014,0.906768,0.396355,0.396879,0.98397
NaCr2S4,0.3169717200000264,Na,Cr,S,1,0.93,1.66,2.58,0.99,0.615,1.84,162.7,83.0,19.4,0.547926,0.6659999999999999,2.07710403,10.369124,10.369124,10.369124,2.604883,2.612001,2.417981,0.928249,0.92572,0.395039,0.395436,1.0
NaCr2Se4,0.3468469400000344,Na,Cr,Se,1,0.93,1.66,2.55,0.99,0.615,1.98,162.7,83.0,28.9,0.547926,0.6659999999999999,2.02067,10.962849,10.962849,10.962849,2.741127,2.751913,2.559108,0.933597,0.929938,0.394359,0.394927,1.0
NaEr2O4,0.3194386900000268,Na,Er,O,1,0.93,1.24,3.44,0.99,0.89,1.4,162.7,150.0,5.3,0.547926,,1.4611135,9.668667,9.668667,9.668667,2.392245,2.396039,2.252133,0.941431,0.93994,0.392849,0.393076,1.0
NaEr2S4,0.2130902899999682,Na,Er,S,1,0.93,1.24,2.58,0.99,0.89,1.84,162.7,150.0,19.4,0.547926,,2.07710403,11.415981,11.415981,11.415981,2.731055,2.73712,2.714246,0.993845,0.991643,0.38812,0.388427,1.0
NaEr2Se4,0.2546903599999837,Na,Er,Se,1,0.93,1.24,2.55,0.99,0.89,1.98,162.7,150.0,28.9,0.547926,,2.02067,11.913307,11.913307,11.913307,2.831484,2.837927,2.845092,1.004806,1.002525,0.387221,0.387533,1.0
NaFe2S4,0.2724007499999743,Na,Fe,S,1,0.93,1.83,2.58,0.99,0.645,1.84,162.7,62.0,19.4,0.547926,0.151,2.07710403,10.068328,10.068328,10.068328,2.582846,2.595883,2.32739,0.901095,0.896569,0.398109,0.398856,1.0
NaFe2Se4,0.454709390000005,Na,Fe,Se,1,0.93,1.83,2.55,0.99,0.645,1.98,162.7,62.0,28.9,0.547926,0.151,2.02067,10.630481,10.630481,10.630481,2.704248,2.71896,2.472115,0.91416,0.909213,0.39687,0.397669,1.0
NaGa2O4,0.6354048100000114,Na,Ga,O,1,0.93,1.81,3.44,0.99,0.62,1.4,162.7,50.0,5.3,0.547926,0.43,1.4611135,8.744034,8.744034,8.744034,2.186628,2.20354,2.030475,0.928587,0.921461,0.394378,0.395495,1.0
NaGa2Se4,0.289394819999984,Na,Ga,Se,1,0.93,1.81,2.55,0.99,0.62,1.98,162.7,50.0,28.9,0.547926,0.43,2.02067,11.219523,11.219523,11.219523,2.749822,2.770737,2.654341,0.965277,0.957991,0.391504,0.392581,1.0
NaIn2O4,0.3134158699999716,Na,In,O,1,0.93,1.78,3.44,0.99,0.8,1.4,162.7,65.0,5.3,0.547926,0.3,1.4611135,9.383594,9.383594,9.383594,2.291317,2.299991,2.203155,0.961523,0.957897,0.390979,0.391513,1.0
NaIn2S4,0.2313657800000044,Na,In,S,1,0.93,1.78,2.58,0.99,0.8,1.84,162.7,65.0,19.4,0.547926,0.3,2.07710403,11.169899,11.169899,11.169899,2.675285,2.696288,2.657595,0.993388,0.98565,0.38828,0.389366,1.0
NaIn2Se4,0.2567929500000048,Na,In,Se,1,0.93,1.78,2.55,0.99,0.8,1.98,162.7,65.0,28.9,0.547926,0.3,2.02067,11.718168,11.718168,11.718168,2.79553,2.815665,2.798427,1.001036,0.993878,0.387735,0.388727,1.0
NaLa2O4,0.1275980600000252,Na,La,O,1,0.93,1.1,3.44,0.99,1.032,1.4,162.7,215.0,5.3,0.547926,0.47,1.4611135,10.335355,10.335355,10.335355,2.540262,2.529229,2.411209,0.949197,0.953338,0.391903,0.391287,1.0
NaLa2S4,0.129212319999965,Na,La,S,1,0.93,1.1,2.58,0.99,1.032,1.84,162.7,215.0,19.4,0.547926,0.47,2.07710403,12.087306,12.087306,12.087306,2.863023,2.86439,2.879162,1.005637,1.005157,0.386752,0.386818,1.0
NaLa2Se4,0.1270714800000405,Na,La,Se,1,0.93,1.1,2.55,0.99,1.032,1.98,162.7,215.0,28.9,0.547926,0.47,2.02067,12.566528,12.566528,12.566528,2.960548,2.967696,3.007406,1.015827,1.01338,0.386018,0.386346,1.0
NaMn2S4,0.4634977800000115,Na,Mn,S,1,0.93,1.55,2.58,0.99,0.645,1.84,162.7,68.0,19.4,0.547926,,2.07710403,10.220366,10.220366,10.220366,2.563811,2.574918,2.380247,0.928402,0.924397,0.39483,0.395458,1.0
NaMn2Se4,0.2766578800000161,Na,Mn,Se,1,0.93,1.55,2.55,0.99,0.645,1.98,162.7,68.0,28.9,0.547926,,2.02067,10.986442,10.986442,10.986442,2.73142,2.745996,2.573039,0.942015,0.937015,0.393539,0.394305,1.0
NaNd2S4,0.3034328100000039,Na,Nd,S,1,0.93,1.14,2.58,0.99,0.983,1.84,162.7,208.0,19.4,0.547926,1.916,2.07710403,11.873496,11.873496,11.873496,2.807638,2.810493,2.83597,1.010091,1.009065,0.386522,0.386661,1.0
NaNd2Se4,0.1824548299999833,Na,Nd,Se,1,0.93,1.14,2.55,0.99,0.983,1.98,162.7,208.0,28.9,0.547926,1.916,2.02067,12.342376,12.342376,12.342376,2.895931,2.89857,2.962105,1.022851,1.021919,0.385466,0.385589,1.0
NaNi2O4,0.2294571899999482,Na,Ni,O,1,0.93,1.91,3.44,0.99,0.6,1.4,162.7,49.0,5.3,0.547926,1.156,1.4611135,8.766961,8.327461,8.327461,2.16625,2.17726,1.952087,0.901136,0.89658,0.397592,0.398342,0.949869
NaNi2S4,0.3859890699999937,Na,Ni,S,1,0.93,1.91,2.58,0.99,0.6,1.84,162.7,49.0,19.4,0.547926,1.156,2.07710403,10.062893,10.062893,10.062893,2.572699,2.587539,2.321059,0.902188,0.897014,0.397606,0.398458,1.0
NaPd2S4,0.2980552500000044,Na,Pd,S,1,0.93,2.2,2.58,0.99,0.76,1.84,162.7,26.14,19.4,0.547926,0.562,2.07710403,10.524429,10.524429,10.524429,2.654399,2.661434,2.440399,0.919379,0.916949,0.395615,0.396001,1.0
NaPd2Se4,0.3197803000000192,Na,Pd,Se,1,0.93,2.2,2.55,0.99,0.76,1.98,162.7,26.14,28.9,0.547926,0.562,2.02067,11.052003,11.052003,11.052003,2.780119,2.789985,2.567166,0.923401,0.920136,0.395232,0.395747,1.0
NaSc2O4,0.5411488099999815,Na,Sc,O,1,0.93,1.36,3.44,0.99,0.745,1.4,162.7,97.0,5.3,0.547926,0.188,1.4611135,9.157818,9.157818,9.157818,2.284788,2.298551,2.126385,0.930671,0.925098,0.394043,0.394911,1.0
NaSc2S4,0.309140540000044,Na,Sc,S,1,0.93,1.36,2.58,0.99,0.745,1.84,162.7,97.0,19.4,0.547926,0.188,2.07710403,10.977813,10.977813,10.977813,2.669559,2.676017,2.591944,0.970926,0.968583,0.390399,0.390738,1.0
NaSc2Se4,0.3326152700000193,Na,Sc,Se,1,0.93,1.36,2.55,0.99,0.745,1.98,162.7,97.0,28.9,0.547926,0.188,2.02067,11.491387,11.491387,11.491387,2.777482,2.784208,2.723933,0.98072,0.978351,0.389546,0.389884,1.0
NaTi2O4,0.3283753400000364,Na,Ti,O,1,0.93,1.54,3.44,0.99,0.67,1.4,162.7,87.0,5.3,0.547926,0.079,1.4611135,8.70691,8.708081,8.708081,2.172895,2.175104,2.02715,0.932926,0.931979,0.394071,0.394217,1.000135
NaTi2S4,0.3646257400000081,Na,Ti,S,1,0.93,1.54,2.58,0.99,0.67,1.84,162.7,87.0,19.4,0.547926,0.079,2.07710403,10.527663,10.527663,10.527663,2.582633,2.594455,2.487068,0.962997,0.958609,0.391635,0.392283,1.0
NaTi2Se4,0.3737436499999944,Na,Ti,Se,1,0.93,1.54,2.55,0.99,0.67,1.98,162.7,87.0,28.9,0.547926,0.079,2.02067,11.095199,11.095199,11.095199,2.71083,2.72627,2.630392,0.970327,0.964832,0.391061,0.391864,1.0
NaTm2O4,0.3181343699999956,Na,Tm,O,1,0.93,1.25,3.44,0.99,0.88,1.4,162.7,144.0,5.3,0.547926,1.029,1.4611135,9.612248,9.612248,9.612248,2.379432,2.382151,2.238502,0.940772,0.939698,0.392918,0.393082,1.0
NaTm2S4,0.2205499699999791,Na,Tm,S,1,0.93,1.25,2.58,0.99,0.88,1.84,162.7,144.0,19.4,0.547926,1.029,2.07710403,11.377082,11.377082,11.377082,2.725042,2.731238,2.703377,0.99205,0.989799,0.388287,0.388602,1.0
NaTm2Se4,0.2596034100000111,Na,Tm,Se,1,0.93,1.25,2.55,0.99,0.88,1.98,162.7,144.0,28.9,0.547926,1.029,2.02067,11.878278,11.878278,11.878278,2.826858,2.833793,2.835109,1.002919,1.000464,0.387401,0.387738,1.0
NaV2O4,0.3657746299999758,Na,V,O,1,0.93,1.63,3.44,0.99,0.64,1.4,162.7,87.0,5.3,0.547926,0.525,1.4611135,8.306638,8.893468,8.893468,2.204895,2.215945,2.015407,0.914061,0.909503,0.396357,0.397091,1.070646
NaY2O4,0.2221274400000084,Na,Y,O,1,0.93,1.22,3.44,0.99,0.9,1.4,162.7,162.0,5.3,0.547926,0.307,1.4611135,9.762452,9.762452,9.762452,2.413443,2.416401,2.273808,0.942143,0.940989,0.392731,0.392906,1.0
NaY2S4,0.191445549999969,Na,Y,S,1,0.93,1.22,2.58,0.99,0.9,1.84,162.7,162.0,19.4,0.547926,0.307,2.07710403,11.505816,11.505816,11.505816,2.746769,2.753018,2.737532,0.996637,0.994375,0.38783,0.388144,1.0
NaY2Se4,0.2375443999999902,Na,Y,Se,1,0.93,1.22,2.55,0.99,0.9,1.98,162.7,162.0,28.9,0.547926,0.307,2.02067,12.001096,12.001096,12.001096,2.845242,2.853226,2.868531,1.008185,1.005364,0.386879,0.387263,1.0
NaZr2S4,0.3220358500000202,Na,Zr,S,1,0.93,1.33,2.58,0.99,0.72,1.84,162.7,112.0,19.4,0.547926,0.426,2.07710403,10.953099,10.953099,10.953099,2.63304,2.639594,2.607547,0.990318,0.987859,0.388791,0.389136,1.0
NaZr2Se4,0.3728866399999901,Na,Zr,Se,1,0.93,1.33,2.55,0.99,0.72,1.98,162.7,112.0,28.9,0.547926,0.426,2.02067,11.471755,11.471755,11.471755,2.743366,2.752232,2.743782,1.000152,0.99693,0.388068,0.388514,1.0
ZnAl2O4,0.8981605599999511,Zn,Al,O,2,1.65,1.61,3.44,0.6,0.535,1.4,38.67,57.8,5.3,,0.43283,1.4611135,8.177784,8.177784,8.177784,1.971782,1.966048,1.930183,0.978903,0.981757,0.389207,0.388803,1.0
ZnAl2S4,0.833605260000013,Zn,Al,S,2,1.65,1.61,2.58,0.6,0.535,1.84,38.67,57.8,19.4,,0.43283,2.07710403,10.0862,10.0862,10.0862,2.349088,2.341875,2.427161,1.033235,1.036418,0.384466,0.384053,1.0
ZnAl2Se4,0.7961789400000043,Zn,Al,Se,2,1.65,1.61,2.55,0.6,0.535,1.98,38.67,57.8,28.9,,0.43283,2.02067,10.694701,10.694701,10.694701,2.485316,2.477049,2.58156,1.038725,1.042192,0.384169,0.383723,1.0
ZnCo2O4,0.55885877999998,Zn,Co,O,2,1.65,1.88,3.44,0.6,0.61,1.4,38.67,55.0,5.3,,0.66225646,1.4611135,8.16,8.564265,8.564265,2.05976,2.052262,1.97321,0.957981,0.961481,0.391076,0.390563,1.049542
ZnCo2S4,0.919072769999957,Zn,Co,S,2,1.65,1.88,2.58,0.6,0.61,1.84,38.67,55.0,19.4,,0.66225646,2.07710403,9.627099,9.627099,9.627099,2.350246,2.356774,2.264084,0.963339,0.960671,0.390947,0.391339,1.0
ZnCo2Se4,0.7346176500000183,Zn,Co,Se,2,1.65,1.88,2.55,0.6,0.61,1.98,38.67,55.0,28.9,,0.66225646,2.02067,10.188286,10.188286,10.188286,2.486174,2.493793,2.398362,0.96468,0.961733,0.390887,0.391318,1.0
ZnCr2O4,0.788421239999991,Zn,Cr,O,2,1.65,1.66,3.44,0.6,0.615,1.4,38.67,83.0,5.3,,0.6659999999999999,1.4611135,8.445121,8.487954,8.487954,2.011726,2.005233,2.013232,1.000749,1.003989,0.387068,0.386626,1.005072
ZnCr2Se4,0.753821749999986,Zn,Cr,Se,2,1.65,1.66,2.55,0.6,0.615,1.98,38.67,83.0,28.9,,0.6659999999999999,2.02067,10.594841,10.594841,10.594841,2.486162,2.486377,2.543867,1.023211,1.023122,0.38548,0.385491,1.0
ZnEr2O4,1.003715600000021,Zn,Er,O,2,1.65,1.24,3.44,0.6,0.89,1.4,38.67,150.0,5.3,,,1.4611135,9.266322,9.266322,9.266322,2.089415,2.075312,2.249431,1.076584,1.0839,0.380184,0.379305,1.0
ZnEr2S4,0.843063509999979,Zn,Er,S,2,1.65,1.24,2.58,0.6,0.89,1.84,38.67,150.0,19.4,,,2.07710403,10.947075,10.947075,10.947075,2.40167,2.392072,2.708196,1.12763,1.132155,0.376664,0.376158,1.0
ZnEr2Se4,0.7582034000000135,Zn,Er,Se,2,1.65,1.24,2.55,0.6,0.89,1.98,38.67,150.0,28.9,,,2.02067,11.458445,11.458445,11.458445,2.516228,2.505512,2.837296,1.127599,1.132422,0.376784,0.376244,1.0
ZnFe2O4,0.8073704099999759,Zn,Fe,O,2,1.65,1.83,3.44,0.6,0.645,1.4,38.67,62.0,5.3,,0.151,1.4611135,8.514169,8.493702,8.493702,2.00116,1.986921,2.026406,1.012616,1.019873,0.385918,0.38495,0.997596
ZnFe2Se4,0.8535485799999947,Zn,Fe,Se,2,1.65,1.83,2.55,0.6,0.645,1.98,38.67,62.0,28.9,,0.151,2.02067,10.232295,10.232295,10.232295,2.473649,2.474999,2.433285,0.983682,0.983146,0.389574,0.38965,1.0
ZnGa2O4,0.9224469299999782,Zn,Ga,O,2,1.65,1.81,3.44,0.6,0.62,1.4,38.67,50.0,5.3,,0.43,1.4611135,8.462797,8.462797,8.462797,1.996405,1.987188,2.01818,1.010907,1.015596,0.386199,0.38557,1.0
ZnGa2S4,0.7609878600000002,Zn,Ga,S,2,1.65,1.81,2.58,0.6,0.62,1.84,38.67,50.0,19.4,,0.43,2.07710403,10.239935,10.239935,10.239935,2.362931,2.353439,2.480356,1.049695,1.053928,0.383227,0.382692,1.0
ZnGa2Se4,0.6562674799999968,Zn,Ga,Se,2,1.65,1.81,2.55,0.6,0.62,1.98,38.67,50.0,28.9,,0.43,2.02067,10.83473,10.83473,10.83473,2.499256,2.489951,2.626914,1.051078,1.055006,0.383178,0.382682,1.0
ZnIn2O4,0.9110329500000488,Zn,In,O,2,1.65,1.78,3.44,0.6,0.8,1.4,38.67,65.0,5.3,,0.3,1.4611135,9.050676,9.050676,9.050676,2.043923,2.026891,2.201848,1.077265,1.086318,0.380384,0.379297,1.0
ZnIn2S4,0.808152419999999,Zn,In,S,2,1.65,1.78,2.58,0.6,0.8,1.84,38.67,65.0,19.4,,0.3,2.07710403,10.748499,10.748499,10.748499,2.398356,2.38275,2.64248,1.101788,1.109004,0.378826,0.377988,1.0
ZnIn2Se4,0.6998794099999941,Zn,In,Se,2,1.65,1.78,2.55,0.6,0.8,1.98,38.67,65.0,28.9,,0.3,2.02067,11.307816,11.307816,11.307816,2.527659,2.512453,2.780702,1.10011,1.106768,0.379056,0.37828,1.0
ZnLa2S4,1.0016974200000277,Zn,La,S,2,1.65,1.1,2.58,0.6,1.032,1.84,38.67,215.0,19.4,,0.47,2.07710403,11.506027,11.506027,11.506027,2.440199,2.430832,2.882064,1.181078,1.185629,0.372444,0.371974,1.0
ZnLa2Se4,0.8814393899999686,Zn,La,Se,2,1.65,1.1,2.55,0.6,1.032,1.98,38.67,215.0,28.9,,0.47,2.02067,12.004509,12.004509,12.004509,2.552366,2.54314,3.008755,1.17881,1.183087,0.372755,0.372311,1.0
ZnMn2O4,1.1756099799999902,Zn,Mn,O,2,1.65,1.55,3.44,0.6,0.645,1.4,38.67,68.0,5.3,,,1.4611135,8.100895,8.788595,8.788595,2.020972,2.003691,2.035057,1.00697,1.015654,0.38632,0.385154,1.084892
ZnMn2S4,0.4937127900000178,Zn,Mn,S,2,1.65,1.55,2.58,0.6,0.645,1.84,38.67,68.0,19.4,,,2.07710403,10.115301,10.115301,10.115301,2.352679,2.340647,2.436559,1.035653,1.040977,0.384284,0.383597,1.0
ZnMn2Se4,0.5128144600000155,Zn,Mn,Se,2,1.65,1.55,2.55,0.6,0.645,1.98,38.67,68.0,28.9,,,2.02067,10.690345,10.690345,10.690345,2.486477,2.476612,2.578773,1.037119,1.04125,0.384286,0.383754,1.0
ZnNi2O4,0.2238375300000257,Zn,Ni,O,2,1.65,1.91,3.44,0.6,0.6,1.4,38.67,49.0,5.3,,1.156,1.4611135,7.855384,8.503946,8.503946,1.988449,1.976807,1.96083,0.98611,0.991918,0.388521,0.38771,1.082563
ZnNi2S4,0.5867236199999866,Zn,Ni,S,2,1.65,1.91,2.58,0.6,0.6,1.84,38.67,49.0,19.4,,1.156,2.07710403,9.743199,9.743199,9.743199,2.345684,2.346602,2.306006,0.983085,0.9827,0.388998,0.389052,1.0
ZnNi2Se4,0.5483844799999815,Zn,Ni,Se,2,1.65,1.91,2.55,0.6,0.6,1.98,38.67,49.0,28.9,,1.156,2.02067,10.295557,10.295557,10.295557,2.485641,2.489006,2.436511,0.980235,0.97891,0.389389,0.389577,1.0
ZnPd2S4,0.4744844399999977,Zn,Pd,S,2,1.65,2.2,2.58,0.6,0.76,1.84,38.67,26.14,19.4,,0.562,2.07710403,10.194669,10.194669,10.194669,2.392625,2.385217,2.439331,1.019521,1.022687,0.3855,0.385081,1.0
ZnPd2Se4,0.4094147000000134,Zn,Pd,Se,2,1.65,2.2,2.55,0.6,0.76,1.98,38.67,26.14,28.9,,0.562,2.02067,10.727655,10.727655,10.727655,2.532789,2.52829,2.561942,1.01151,1.01331,0.386312,0.38607,1.0
ZnSc2O4,0.8772348699999952,Zn,Sc,O,2,1.65,1.36,3.44,0.6,0.745,1.4,38.67,97.0,5.3,,0.188,1.4611135,8.818354,8.818354,8.818354,2.034801,2.023686,2.121073,1.042398,1.048123,0.383221,0.382494,1.0
ZnSc2S4,0.7800551999999925,Zn,Sc,S,2,1.65,1.36,2.58,0.6,0.745,1.84,38.67,97.0,19.4,,0.188,2.07710403,10.547775,10.547775,10.547775,2.367973,2.360725,2.584125,1.091281,1.094632,0.379615,0.379218,1.0
ZnSc2Se4,0.7138327800000184,Zn,Sc,Se,2,1.65,1.36,2.55,0.6,0.745,1.98,38.67,97.0,28.9,,0.188,2.02067,11.081371,11.081371,11.081371,2.489708,2.482117,2.717863,1.091639,1.094978,0.379716,0.379321,1.0
ZnTm2O4,0.9821893999999816,Zn,Tm,O,2,1.65,1.25,3.44,0.6,0.88,1.4,38.67,144.0,5.3,,1.029,1.4611135,9.223429,9.223429,9.223429,2.087043,2.073375,2.235942,1.071344,1.078407,0.380641,0.379785,1.0
ZnTm2S4,0.8334902100000363,Zn,Tm,S,2,1.65,1.25,2.58,0.6,0.88,1.84,38.67,144.0,19.4,,1.029,2.07710403,10.911096,10.911096,10.911096,2.399363,2.389768,2.696715,1.12393,1.128442,0.37696,0.376452,1.0
ZnTm2Se4,0.7533699900000101,Zn,Tm,Se,2,1.65,1.25,2.55,0.6,0.88,1.98,38.67,144.0,28.9,,1.029,2.02067,11.426712,11.426712,11.426712,2.515633,2.505693,2.826886,1.123728,1.128185,0.377106,0.376604,1.0
ZnY2O4,1.0720160000000192,Zn,Y,O,2,1.65,1.22,3.44,0.6,0.9,1.4,38.67,162.0,5.3,,0.307,1.4611135,9.336034,9.336034,9.336034,2.094393,2.078716,2.270625,1.084144,1.092321,0.37952,0.37855,1.0
ZnY2S4,0.864972430000023,Zn,Y,S,2,1.65,1.22,2.58,0.6,0.9,1.84,38.67,162.0,19.4,,0.307,2.07710403,11.018002,11.018002,11.018002,2.405172,2.395687,2.731429,1.135648,1.140144,0.376033,0.375536,1.0
ZnY2Se4,0.7723169700000199,Zn,Y,Se,2,1.65,1.22,2.55,0.6,0.9,1.98,38.67,162.0,28.9,,0.307,2.02067,11.532001,11.532001,11.532001,2.52131,2.510649,2.861099,1.134767,1.139585,0.37623,0.375696,1.0
