compound,E_a,A_site,B_site,X_site,A_valence,EN_A,EN_B,EN_X,R_A,R_B,R_X,Polarizability_A,Polarizability_B,Polarizability_X,EA_A,EA_B,EA_X,a,b,c,d_AX,d_BX,k_64m,U,t_ratio,alpha,E_hull
AlSc2O4,1.6902752700000292,Al,Sc,O,3,1.61,1.36,3.44,0.39,745,1.4,57.8,97.0,5.3,0.43283,188,1.4611135,8.61434,8.61434,8.61434,1.814146,2.160142,1.190722,0.371588,1.0,91.6852,0.134775221
AlV2Se4,1.4660308500000383,Al,V,Se,3,1.61,1.63,2.55,0.39,0.64,1.98,57.8,87.0,28.9,0.43283,525,2.02067,10.667346,10.667346,10.667346,2.458906,2.606486,1.060019,0.383084,1.0,93.4716,0.078736978
AlV2S4,1.3927212300000065,Al,V,S,3,1.61,1.63,2.58,0.39,0.64,1.84,57.8,87.0,19.4,0.43283,525,2.07710403,10.094877,10.094877,10.094877,2.251436,2.473857,1.098791,0.378765,1.0,93.0155,0.116122192
AlRu2S4,1.2149805299999912,Al,Ru,S,3,1.61,2.2,2.58,0.39,0.68,1.84,57.8,72.0,19.4,0.43283,1.05,2.07710403,9.949404,9.949404,9.949404,2.322084,2.385941,1.0275,0.384747,1.0,95.3642,0.198414038
AlV2O4,1.2038807200000292,Al,V,O,3,1.61,1.63,3.44,0.39,0.64,1.4,57.8,87.0,5.3,0.43283,525,1.4611135,8.48919,8.331192,8.331192,1.81536,2.081382,1.146539,0.375014,0.981388,90.4863,0.028642384
MgRu2O4,1.1166898799999672,Mg,Ru,O,2,1.31,2.2,3.44,0.57,0.68,1.4,71.2,72.0,5.3,,1.05,1.4611135,8.956718,8.414134,8.414134,2.006917,2.080826,1.036827,0.38481,0.939422,91.8404,0.187221368
AlPd2S4,1.0734253699999954,Al,Pd,S,3,1.61,2.2,2.58,0.39,0.76,1.84,57.8,26.14,19.4,0.43283,562,2.07710403,10.167353,10.167353,10.167353,2.293798,2.461596,1.073153,0.380253,1.0,93.3297,0.209031387
ZnY2O4,1.0720160000000192,Zn,Y,O,2,1.65,1.22,3.44,0.6,0.9,1.4,38.67,162.0,5.3,,307,1.4611135,9.336034,9.336034,9.336034,2.078716,2.270625,1.092321,0.37855,1.0,92.8934,0.140951957
AlNi2O4,1.0705524400000286,Al,Ni,O,3,1.61,1.91,3.44,0.39,0.6,1.4,57.8,49.0,5.3,0.43283,1.156,1.4611135,8.3629,8.117903,8.117903,1.799652,2.005745,1.114518,0.376718,0.970704,91.4254,0.074862674
AlY2S4,1.0313447099999848,Al,Y,S,3,1.61,1.22,2.58,0.39,0.9,1.84,57.8,162.0,19.4,0.43283,307,2.07710403,10.888396,10.888396,10.888396,2.29829,2.741065,1.192654,0.371865,1.0,91.3203,0.042433538
CaFe2S4,1.0255531199999837,Ca,Fe,S,2,1.0,1.83,2.58,1.0,645,1.84,160.8,62.0,19.4,0.02455,151,2.07710403,10.189534,10.189534,10.189534,2.63854,2.34661,0.889359,0.399503,1.0,95.6894,0.380019275
AlEr2S4,1.0130540899999687,Al,Er,S,3,1.61,1.24,2.58,0.39,0.89,1.84,57.8,150.0,19.4,0.43283,,2.07710403,10.81376,10.81376,10.81376,2.298127,2.714585,1.181216,0.372698,1.0,90.9283,0.055257679
ZnEr2O4,1.003715600000021,Zn,Er,O,2,1.65,1.24,3.44,0.6,0.89,1.4,38.67,150.0,5.3,,,1.4611135,9.266322,9.266322,9.266322,2.075312,2.249431,1.0839,0.379305,1.0,93.1632,0.157033057
AlTm2S4,0.9925427499999842,Al,Tm,S,3,1.61,1.25,2.58,0.39,0.88,1.84,57.8,144.0,19.4,0.43283,1.029,2.07710403,10.780511,10.780511,10.780511,2.29823,2.70242,1.17587,0.373082,1.0,90.765,0.067004427
ZnTm2O4,0.9821893999999816,Zn,Tm,O,2,1.65,1.25,3.44,0.6,0.88,1.4,38.67,144.0,5.3,,1.029,1.4611135,9.223429,9.223429,9.223429,2.073375,2.235942,1.078407,0.379785,1.0,93.3597,0.149995835
AlNd2Se4,0.9633026500000028,Al,Nd,Se,3,1.61,1.14,2.55,0.39,983,1.98,57.8,208.0,28.9,0.43283,1.916,2.02067,11.71163,11.71163,11.71163,2.443443,2.968212,1.214766,0.370455,1.0,92.0035,0.095173748
CaMo2Se4,0.953930889999981,Ca,Mo,Se,2,1.0,2.16,2.55,1.0,0.69,1.98,160.8,87.0,28.9,0.02455,748,2.02067,11.398425,11.398425,11.398425,2.821237,2.671056,0.946767,0.392901,1.0,98.7219,0.47630818
AlLa2Se4,0.94943238999997,Al,La,Se,3,1.61,1.1,2.55,0.39,1.032,1.98,57.8,215.0,28.9,0.43283,0.47,2.02067,11.878725,11.878725,11.878725,2.451174,3.01955,1.231879,0.369136,1.0,92.5702,0.141615791
CaCo2S4,0.937490940000032,Ca,Co,S,2,1.0,1.88,2.58,1.0,0.61,1.84,160.8,55.0,19.4,0.02455,0.66225646,2.07710403,10.118824,10.118824,10.118824,2.630521,2.316333,0.88056,0.40009,1.0,102.5549,0.243878268
ZnGa2O4,0.9224469299999782,Zn,Ga,O,2,1.65,1.81,3.44,0.6,0.62,1.4,38.67,50.0,5.3,,0.43,1.4611135,8.462797,8.462797,8.462797,1.987188,2.01818,1.015596,0.38557,1.0,95.7105,0.020773234
ZnCo2S4,0.919072769999957,Zn,Co,S,2,1.65,1.88,2.58,0.6,0.61,1.84,38.67,55.0,19.4,,0.66225646,2.07710403,9.627099,9.627099,9.627099,2.356774,2.264084,0.960671,0.391339,1.0,98.0726,0.036577647
ZnIn2O4,0.9110329500000488,Zn,In,O,2,1.65,1.78,3.44,0.6,0.8,1.4,38.67,65.0,5.3,,0.3,1.4611135,9.050676,9.050676,9.050676,2.026891,2.201848,1.086318,0.379297,1.0,92.9256,0.036475221
ZnAl2O4,0.8981605599999511,Zn,Al,O,2,1.65,1.61,3.44,0.6,535,1.4,38.67,57.8,5.3,,0.43283,1.4611135,8.177784,8.177784,8.177784,1.966048,1.930183,0.981757,0.388803,1.0,97.2224,0.007193722
AlPd2Se4,0.8981536200000164,Al,Pd,Se,3,1.61,2.2,2.55,0.39,0.76,1.98,57.8,26.14,28.9,0.43283,562,2.02067,10.730021,10.730021,10.730021,2.468571,2.583206,1.046438,0.382826,1.0,94.3588,0.12818299
AlCo2O4,0.8943902199999911,Al,Co,O,3,1.61,1.88,3.44,0.39,0.61,1.4,57.8,55.0,5.3,0.43283,0.66225646,1.4611135,8.343907,8.211753,8.211753,1.842927,2.016763,1.094326,0.378881,0.984162,90.2901,0.111631697
ZnLa2Se4,0.8814393899999686,Zn,La,Se,2,1.65,1.1,2.55,0.6,1.032,1.98,38.67,215.0,28.9,,0.47,2.02067,12.004509,12.004509,12.004509,2.54314,3.008755,1.183087,0.372311,1.0,94.1291,0.139660408
ZnSc2O4,0.8772348699999952,Zn,Sc,O,2,1.65,1.36,3.44,0.6,745,1.4,38.67,97.0,5.3,,188,1.4611135,8.818354,8.818354,8.818354,2.023686,2.121073,1.048123,0.382494,1.0,94.4758,0.042717313
AlSc2S4,0.8692735900000343,Al,Sc,S,3,1.61,1.36,2.58,0.39,745,1.84,57.8,97.0,19.4,0.43283,188,2.07710403,10.462143,10.462143,10.462143,2.283017,2.59473,1.136536,0.375988,1.0,90.6197,0.011040721
MgV2S4,0.8686092600000279,Mg,V,S,2,1.31,1.63,2.58,0.57,0.64,1.84,71.2,87.0,19.4,,525,2.07710403,10.348919,10.348919,10.348919,2.487933,2.4804,0.996972,0.388798,1.0,95.8781,0.121420319
CaCo2Se4,0.8655544000000077,Ca,Co,Se,2,1.0,1.88,2.55,1.0,0.61,1.98,160.8,55.0,28.9,0.02455,0.66225646,2.02067,10.679706,10.679706,10.679706,2.762721,2.452858,0.887841,0.399354,1.0,102.0382,0.251579767
ZnY2S4,0.864972430000023,Zn,Y,S,2,1.65,1.22,2.58,0.6,0.9,1.84,38.67,162.0,19.4,,307,2.07710403,11.018002,11.018002,11.018002,2.395687,2.731429,1.140144,0.375536,1.0,90.801,0.03412445
AlMn2O4,0.857257489999995,Al,Mn,O,3,1.61,1.55,3.44,0.39,645,1.4,57.8,68.0,5.3,0.43283,,1.4611135,8.170303,8.61565,8.61565,1.799718,2.096668,1.164998,0.372717,1.054508,90.2836,0.104807494
ZnFe2Se4,0.8535485799999947,Zn,Fe,Se,2,1.65,1.83,2.55,0.6,645,1.98,38.67,62.0,28.9,,151,2.02067,10.232295,10.232295,10.232295,2.474999,2.433285,0.983146,0.38965,1.0,97.1508,0.150730413
ZnEr2S4,0.843063509999979,Zn,Er,S,2,1.65,1.24,2.58,0.6,0.89,1.84,38.67,150.0,19.4,,,2.07710403,10.947075,10.947075,10.947075,2.392072,2.708196,1.132155,0.376158,1.0,91.0857,0.034061975
NaAl2O4,0.8406464199999846,Na,Al,O,1,0.93,1.61,3.44,0.99,535,1.4,162.7,57.8,5.3,0.547926,0.43283,1.4611135,8.413287,8.418445,8.418445,2.151153,1.942696,0.903095,0.39756,1.000613,100.8144,0.197993915
ZnAl2S4,0.833605260000013,Zn,Al,S,2,1.65,1.61,2.58,0.6,535,1.84,38.67,57.8,19.4,,0.43283,2.07710403,10.0862,10.0862,10.0862,2.341875,2.427161,1.036418,0.384053,1.0,94.7065,0.002439546
ZnTm2S4,0.8334902100000363,Zn,Tm,S,2,1.65,1.25,2.58,0.6,0.88,1.84,38.67,144.0,19.4,,1.029,2.07710403,10.911096,10.911096,10.911096,2.389768,2.696715,1.128442,0.376452,1.0,91.2077,0.038652935
AlY2Se4,0.819446580000033,Al,Y,Se,3,1.61,1.22,2.55,0.39,0.9,1.98,57.8,162.0,28.9,0.43283,307,2.02067,11.443664,11.443664,11.443664,2.443357,2.867455,1.173572,0.373271,1.0,90.6278,0.064525623
MgTi2O4,0.8169707199999721,Mg,Ti,O,2,1.31,1.54,3.44,0.57,0.67,1.4,71.2,87.0,5.3,,79,1.4611135,8.521476,8.529236,8.529236,1.984879,2.05137,1.033499,0.384399,1.000911,94.1924,0.012841541
AlTi2O4,0.8096467099999813,Al,Ti,O,3,1.61,1.54,3.44,0.39,0.67,1.4,57.8,87.0,5.3,0.43283,79,1.4611135,8.355913,8.348176,8.348176,1.772452,2.091636,1.18008,0.372543,0.999074,90.97,0.059236094
ZnIn2S4,0.808152419999999,Zn,In,S,2,1.65,1.78,2.58,0.6,0.8,1.84,38.67,65.0,19.4,,0.3,2.07710403,10.748499,10.748499,10.748499,2.38275,2.64248,1.109004,0.377988,1.0,92.05,0.014665508
ZnFe2O4,0.8073704099999759,Zn,Fe,O,2,1.65,1.83,3.44,0.6,645,1.4,38.67,62.0,5.3,,151,1.4611135,8.514169,8.493702,8.493702,1.986921,2.026406,1.019873,0.38495,0.997596,95.4882,-0.036369614
ZnAl2Se4,0.7961789400000043,Zn,Al,Se,2,1.65,1.61,2.55,0.6,535,1.98,38.67,57.8,28.9,,0.43283,2.02067,10.694701,10.694701,10.694701,2.477049,2.58156,1.042192,0.383723,1.0,94.5514,0.031437679
AlCr2O4,0.7950735300000247,Al,Cr,O,3,1.61,1.66,3.44,0.39,615,1.4,57.8,83.0,5.3,0.43283,0.6659999999999999,1.4611135,8.251355,8.457781,8.457781,1.8184,2.068189,1.137368,0.375147,1.025017,90.7707,0.123253757
ZnCr2O4,0.788421239999991,Zn,Cr,O,2,1.65,1.66,3.44,0.6,615,1.4,38.67,83.0,5.3,,0.6659999999999999,1.4611135,8.445121,8.487954,8.487954,2.005233,2.013232,1.003989,0.386626,1.005072,95.407,0.038742996
CaCr2Se4,0.7861087499999826,Ca,Cr,Se,2,1.0,1.66,2.55,1.0,615,1.98,160.8,83.0,28.9,0.02455,0.6659999999999999,2.02067,11.117362,11.117362,11.117362,2.78881,2.588667,0.928234,0.394829,1.0,99.6525,0.125724937
ZnSc2S4,0.7800551999999925,Zn,Sc,S,2,1.65,1.36,2.58,0.6,745,1.84,38.67,97.0,19.4,,188,2.07710403,10.547775,10.547775,10.547775,2.360725,2.584125,1.094632,0.379218,1.0,92.3685,0.011793951
ZnY2Se4,0.7723169700000199,Zn,Y,Se,2,1.65,1.22,2.55,0.6,0.9,1.98,38.67,162.0,28.9,,307,2.02067,11.532001,11.532001,11.532001,2.510649,2.861099,1.139585,0.375696,1.0,90.8154,0.036299624
ZnGa2S4,0.7609878600000002,Zn,Ga,S,2,1.65,1.81,2.58,0.6,0.62,1.84,38.67,50.0,19.4,,0.43,2.07710403,10.239935,10.239935,10.239935,2.353439,2.480356,1.053928,0.382692,1.0,94.1291,0.127403351
ZnEr2Se4,0.7582034000000135,Zn,Er,Se,2,1.65,1.24,2.55,0.6,0.89,1.98,38.67,150.0,28.9,,,2.02067,11.458445,11.458445,11.458445,2.505512,2.837296,1.132422,0.376244,1.0,91.0638,0.041327114
AlEr2Se4,0.7576419699999519,Al,Er,Se,3,1.61,1.24,2.55,0.39,0.89,1.98,57.8,150.0,28.9,0.43283,,2.02067,11.383755,11.383755,11.383755,2.447625,2.843511,1.161743,0.374136,1.0,90.1739,0.082047029
ZnCr2Se4,0.753821749999986,Zn,Cr,Se,2,1.65,1.66,2.55,0.6,615,1.98,38.67,83.0,28.9,,0.6659999999999999,2.02067,10.594841,10.594841,10.594841,2.486377,2.543867,1.023122,0.385491,1.0,95.1033,0.013161746
ZnTm2Se4,0.7533699900000101,Zn,Tm,Se,2,1.65,1.25,2.55,0.6,0.88,1.98,38.67,144.0,28.9,,1.029,2.02067,11.426712,11.426712,11.426712,2.505693,2.826886,1.128185,0.376604,1.0,91.1916,0.038056306
CaSc2Se4,0.7500958900000114,Ca,Sc,Se,2,1.0,1.36,2.55,1.0,745,1.98,160.8,97.0,28.9,0.02455,188,2.02067,11.589535,11.589535,11.589535,2.80021,2.747829,0.981294,0.389497,1.0,96.8962,0.076102938
MgAl2O4,0.7396478800000068,Mg,Al,O,2,1.31,1.61,3.44,0.57,535,1.4,71.2,57.8,5.3,,0.43283,1.4611135,8.17153,8.17153,8.17153,1.959341,1.933139,0.986627,0.388435,1.0,96.7819,0.005299878
MgY2O4,0.7387290099999859,Mg,Y,O,2,1.31,1.22,3.44,0.57,0.9,1.4,71.2,162.0,5.3,,307,1.4611135,9.344874,9.344874,9.344874,2.086336,2.272734,1.089343,0.378899,1.0,92.8079,0.126864489
ZnCo2Se4,0.7346176500000183,Zn,Co,Se,2,1.65,1.88,2.55,0.6,0.61,1.98,38.67,55.0,28.9,,0.66225646,2.02067,10.188286,10.188286,10.188286,2.493793,2.398362,0.961733,0.391318,1.0,97.9436,0.049959226
AlTm2Se4,0.7318161800000098,Al,Tm,Se,3,1.61,1.25,2.55,0.39,0.88,1.98,57.8,144.0,28.9,0.43283,1.029,2.02067,11.35776,11.35776,11.35776,2.450366,2.833041,1.15617,0.37456,1.0,90.0317,0.084206923
CaRu2O4,0.7312520099999915,Ca,Ru,O,2,1.0,2.2,3.44,1.0,0.68,1.4,160.8,72.0,5.3,0.02455,1.05,1.4611135,10.264332,8.034704,8.034704,2.25227,2.075453,0.921494,0.398139,0.782779,103.2358,0.127749669
LiIn2O4,0.7255971100000238,Li,In,O,1,0.98,1.78,3.44,0.59,0.8,1.4,164.1125,65.0,5.3,0.618049,0.3,1.4611135,9.093532,9.093532,9.093532,2.092568,2.191594,1.047323,0.382858,1.0,94.1874,0.122246464
ZnSc2Se4,0.7138327800000184,Zn,Sc,Se,2,1.65,1.36,2.55,0.6,745,1.98,38.67,97.0,28.9,,188,2.02067,11.081371,11.081371,11.081371,2.482117,2.717863,1.094978,0.379321,1.0,92.3528,0.019108614
CaSc2S4,0.7097382800000105,Ca,Sc,S,2,1.0,1.36,2.58,1.0,745,1.84,160.8,97.0,19.4,0.02455,188,2.07710403,11.050182,11.050182,11.050182,2.677217,2.613742,0.976291,0.389879,1.0,97.1526,0.059610732
MgEr2O4,0.7032539399999678,Mg,Er,O,2,1.31,1.24,3.44,0.57,0.89,1.4,71.2,150.0,5.3,,,1.4611135,9.270997,9.270997,9.270997,2.079928,2.251003,1.08225,0.379527,1.0,93.0367,0.142786459
AlNi2S4,0.7028612400000043,Al,Ni,S,3,1.61,1.91,2.58,0.39,0.6,1.84,57.8,49.0,19.4,0.43283,1.156,2.07710403,9.729134,9.729134,9.729134,2.285901,2.321623,1.015627,0.385651,1.0,95.4526,0.154462883
ZnIn2Se4,0.6998794099999941,Zn,In,Se,2,1.65,1.78,2.55,0.6,0.8,1.98,38.67,65.0,28.9,,0.3,2.02067,11.307816,11.307816,11.307816,2.512453,2.780702,1.106768,0.37828,1.0,92.1367,0.056148537
AlRu2O4,0.6980762900000173,Al,Ru,O,3,1.61,2.2,3.44,0.39,0.68,1.4,57.8,72.0,5.3,0.43283,1.05,1.4611135,8.413946,8.420608,8.420608,1.785431,2.11019,1.181894,0.372449,1.000792,90.867,0.369094187
MgMn2O4,0.6964592799999991,Mg,Mn,O,2,1.31,1.55,3.44,0.57,645,1.4,71.2,68.0,5.3,,,1.4611135,8.124507,8.78467,8.78467,2.002407,2.0384,1.017975,0.384984,1.081256,94.0121,0.035596371
CaAl2Se4,0.6963169200000152,Ca,Al,Se,2,1.0,1.61,2.55,1.0,535,1.98,160.8,57.8,28.9,0.02455,0.43283,2.02067,11.210168,11.210168,11.210168,2.766639,2.631434,0.95113,0.392488,1.0,98.4472,0.165743979
MgTm2O4,0.6814896399999952,Mg,Tm,O,2,1.31,1.25,3.44,0.57,0.88,1.4,71.2,144.0,5.3,,1.029,1.4611135,9.226797,9.226797,9.226797,2.07783,2.23732,1.076758,0.380017,1.0,93.2131,0.135955136
AlCo2S4,0.6808415099999934,Al,Co,S,3,1.61,1.88,2.58,0.39,0.61,1.84,57.8,55.0,19.4,0.43283,0.66225646,2.07710403,9.601255,9.601255,9.601255,2.30582,2.274616,0.986467,0.388655,1.0,96.6946,0.120494221
AlNi2Se4,0.6718032200000152,Al,Ni,Se,3,1.61,1.91,2.55,0.39,0.6,1.98,57.8,49.0,28.9,0.43283,1.156,2.02067,10.309674,10.309674,10.309674,2.452353,2.452022,0.999865,0.387334,1.0,96.2341,0.125398268
AlSc2Se4,0.6629754499999763,Al,Sc,Se,3,1.61,1.36,2.55,0.39,745,1.98,57.8,97.0,28.9,0.43283,188,2.02067,11.026665,11.026665,11.026665,2.430153,2.726799,1.122069,0.377242,1.0,91.1903,0.040353368
CaAl2S4,0.6611503199999902,Ca,Al,S,2,1.0,1.61,2.58,1.0,535,1.84,160.8,57.8,19.4,0.02455,0.43283,2.07710403,10.600404,10.600404,10.600404,2.630224,2.480091,0.94292,0.393255,1.0,98.8971,0.167247029
AlMn2Se4,0.6574617499999817,Al,Mn,Se,3,1.61,1.55,2.55,0.39,645,1.98,57.8,68.0,28.9,0.43283,,2.02067,10.770743,10.770743,10.770743,2.436365,2.620966,1.075769,0.380598,1.0,92.9317,-0.078531467
ZnGa2Se4,0.6562674799999968,Zn,Ga,Se,2,1.65,1.81,2.55,0.6,0.62,1.98,38.67,50.0,28.9,,0.43,2.02067,10.83473,10.83473,10.83473,2.489951,2.626914,1.055006,0.382682,1.0,94.086,0.153784085
MgNi2O4,0.6544252799999981,Mg,Ni,O,2,1.31,1.91,3.44,0.57,0.6,1.4,71.2,49.0,5.3,,1.156,1.4611135,7.854672,8.516284,8.516284,1.978454,1.964315,0.992853,0.387692,1.084232,95.9779,0.063506603
CaGa2S4,0.6528471600000216,Ca,Ga,S,2,1.0,1.81,2.58,1.0,0.62,1.84,160.8,50.0,19.4,0.02455,0.43,2.07710403,10.760465,10.760465,10.760465,2.649109,2.527416,0.954063,0.392137,1.0,98.3196,0.257805351
CaTi2O4,0.6446922499999914,Ca,Ti,O,2,1.0,1.54,3.44,1.0,0.67,1.4,160.8,87.0,5.3,0.02455,79,1.4611135,8.880413,8.856101,8.856101,2.1936,2.071439,0.94431,0.392875,0.997262,98.6635,0.094237403
CaTm2Se4,0.6379029400000036,Ca,Tm,Se,2,1.0,1.25,2.55,1.0,0.88,1.98,160.8,144.0,28.9,0.02455,1.029,2.02067,11.922098,11.922098,11.922098,2.825467,2.850941,1.009016,0.386829,1.0,95.6055,0.04526461
NaGa2O4,0.6354048100000114,Na,Ga,O,1,0.93,1.81,3.44,0.99,0.62,1.4,162.7,50.0,5.3,0.547926,0.43,1.4611135,8.744034,8.744034,8.744034,2.20354,2.030475,0.921461,0.395495,1.0,99.5518,0.194562531
CaCr2O4,0.6343420299999707,Ca,Cr,O,2,1.0,1.66,3.44,1.0,615,1.4,160.8,83.0,5.3,0.02455,0.6659999999999999,1.4611135,8.752165,8.836914,8.836914,2.206768,2.041363,0.925046,0.394639,1.009683,99.1462,0.060222549
AlTi2S4,0.6339460300000042,Al,Ti,S,3,1.61,1.54,2.58,0.39,0.67,1.84,57.8,87.0,19.4,0.43283,79,2.07710403,10.138677,10.138677,10.138677,2.253877,2.508151,1.112816,0.378348,1.0,91.9496,0.081399314
CaEr2Se4,0.6335614199999782,Ca,Er,Se,2,1.0,1.24,2.55,1.0,0.89,1.98,160.8,150.0,28.9,0.02455,,2.02067,11.95224,11.95224,11.95224,2.82784,2.860671,1.01161,0.386598,1.0,95.4877,0.044441802
CaGa2Se4,0.6299955700000055,Ca,Ga,Se,2,1.0,1.81,2.55,1.0,0.62,1.98,160.8,50.0,28.9,0.02455,0.43,2.02067,11.359393,11.359393,11.359393,2.78622,2.674975,0.960073,0.391612,1.0,98.009,0.259308822
AlMn2S4,0.6284819400000288,Al,Mn,S,3,1.61,1.55,2.58,0.39,645,1.84,57.8,68.0,19.4,0.43283,,2.07710403,10.340108,10.340108,10.340108,2.308087,2.517269,1.09063,0.378874,1.0,92.3931,0.043316512
MgPd2S4,0.6232353999999987,Mg,Pd,S,2,1.31,2.2,2.58,0.57,0.76,1.84,71.2,26.14,19.4,,562,2.07710403,10.343123,10.343123,10.343123,2.472899,2.447675,0.9898,0.388037,1.0,96.8736,0.193906449
CaMn2Se4,0.6183257800000206,Ca,Mn,Se,2,1.0,1.55,2.55,1.0,645,1.98,160.8,68.0,28.9,0.02455,,2.02067,11.241909,11.241909,11.241909,2.809655,2.627951,0.935329,0.394295,1.0,99.1705,-0.007228706
CaY2Se4,0.6142866999999796,Ca,Y,Se,2,1.0,1.22,2.55,1.0,0.9,1.98,160.8,162.0,28.9,0.02455,307,2.02067,12.022525,12.022525,12.022525,2.833519,2.882183,1.017174,0.386072,1.0,95.2269,0.031424482
AlCr2Se4,0.6118490800000131,Al,Cr,Se,3,1.61,1.66,2.55,0.39,615,1.98,57.8,83.0,28.9,0.43283,0.6659999999999999,2.02067,10.656327,10.656327,10.656327,2.452309,2.573699,1.0495,0.382864,1.0,93.9483,0.039004834
CaPd2Se4,0.6067459999999869,Ca,Pd,Se,2,1.0,2.2,2.55,1.0,0.76,1.98,160.8,26.14,28.9,0.02455,562,2.02067,11.202171,11.202171,11.202171,2.817116,2.595166,0.921214,0.395192,1.0,100.442,0.248822569
CaTi2Se4,0.6063342499999749,Ca,Ti,Se,2,1.0,1.54,2.55,1.0,0.67,1.98,160.8,87.0,28.9,0.02455,79,2.02067,11.29531,11.29531,11.29531,2.803799,2.677151,0.95483,0.393314,1.0,97.7375,0.230622709
MgGa2O4,0.5997830700000009,Mg,Ga,O,2,1.31,1.81,3.44,0.57,0.62,1.4,71.2,50.0,5.3,,0.43,1.4611135,8.46218,8.46218,8.46218,1.986299,2.020891,1.017415,0.385519,1.0,95.4053,0.025763049
AlCo2Se4,0.5995691399999714,Al,Co,Se,3,1.61,1.88,2.55,0.39,0.61,1.98,57.8,55.0,28.9,0.43283,0.66225646,2.02067,10.221794,10.221794,10.221794,2.475754,2.413702,0.974936,0.389836,1.0,97.1628,0.105680474
CaTi2S4,0.5978108500000303,Ca,Ti,S,2,1.0,1.54,2.58,1.0,0.67,1.84,160.8,87.0,19.4,0.02455,79,2.07710403,10.735198,10.735198,10.735198,2.668873,2.53598,0.950206,0.393535,1.0,98.0286,0.209210931
CaCr2S4,0.5929326899999978,Ca,Cr,S,2,1.0,1.66,2.58,1.0,615,1.84,160.8,83.0,19.4,0.02455,0.6659999999999999,2.07710403,10.550802,10.550802,10.550802,2.654969,2.450144,0.922852,0.395282,1.0,100.0132,0.093067325
ZnNi2S4,0.5867236199999866,Zn,Ni,S,2,1.65,1.91,2.58,0.6,0.6,1.84,38.67,49.0,19.4,,1.156,2.07710403,9.743199,9.743199,9.743199,2.346602,2.306006,0.9827,0.389052,1.0,90.6162,0.117050941
CaTm2S4,0.5860111899999652,Ca,Tm,S,2,1.0,1.25,2.58,1.0,0.88,1.84,160.8,144.0,19.4,0.02455,1.029,2.07710403,11.394173,11.394173,11.394173,2.705539,2.717835,1.004545,0.387091,1.0,95.8312,0.031787447
CaIn2Se4,0.5803612100000066,Ca,In,Se,2,1.0,1.78,2.55,1.0,0.8,1.98,160.8,65.0,28.9,0.02455,0.3,2.02067,11.806043,11.806043,11.806043,2.82278,2.812011,0.996185,0.388042,1.0,96.2696,0.088348288
CaIn2S4,0.5797814000000017,Ca,In,S,2,1.0,1.78,2.58,1.0,0.8,1.84,160.8,65.0,19.4,0.02455,0.3,2.07710403,11.242531,11.242531,11.242531,2.693499,2.67263,0.992252,0.388322,1.0,96.4616,0.045412022
MgIn2O4,0.5786488100000042,Mg,In,O,2,1.31,1.78,3.44,0.57,0.8,1.4,71.2,65.0,5.3,,0.3,1.4611135,9.054491,9.054491,9.054491,2.029568,2.203601,1.085749,0.379413,1.0,92.7904,0.031515966
CaEr2S4,0.5751195299999949,Ca,Er,S,2,1.0,1.24,2.58,1.0,0.89,1.84,160.8,150.0,19.4,0.02455,,2.07710403,11.429408,11.429408,11.429408,2.7084,2.72834,1.007362,0.386813,1.0,95.6894,0.028959518
MgCr2S4,0.5603630299999622,Mg,Cr,S,2,1.31,1.66,2.58,0.57,615,1.84,71.2,83.0,19.4,,0.6659999999999999,2.07710403,10.199269,10.199269,10.199269,2.45038,2.421024,0.98802,0.388709,1.0,96.6481,0.014912053
ZnCo2O4,0.55885877999998,Zn,Co,O,2,1.65,1.88,3.44,0.6,0.61,1.4,38.67,55.0,5.3,,0.66225646,1.4611135,8.16,8.564265,8.564265,2.052262,1.97321,0.961481,0.390563,1.049542,95.8639,0.058992428
CaV2O4,0.5574494900000104,Ca,V,O,2,1.0,1.63,3.44,1.0,0.64,1.4,160.8,87.0,5.3,0.02455,525,1.4611135,8.750834,8.979232,8.979232,2.225474,2.069195,0.929777,0.394318,1.0261,96.8198,0.044452786
AlGa2S4,0.554460760000012,Al,Ga,S,3,1.61,1.81,2.58,0.39,0.62,1.84,57.8,50.0,19.4,0.43283,0.43,2.07710403,10.2724,10.2724,10.2724,2.289685,2.518507,1.099936,0.37869,1.0,91.852,0.19522223
CaNd2Se4,0.5511790799999972,Ca,Nd,Se,2,1.0,1.14,2.55,1.0,983,1.98,160.8,208.0,28.9,0.02455,1.916,2.02067,12.317887,12.317887,12.317887,2.852723,2.972993,1.04216,0.38371,1.0,94.2373,0.058346221
CaY2S4,0.5502486600000225,Ca,Y,S,2,1.0,1.22,2.58,1.0,0.9,1.84,160.8,162.0,19.4,0.02455,307,2.07710403,11.502783,11.502783,11.502783,2.714128,2.750077,1.013245,0.386228,1.0,95.4601,0.011693656
ZnNi2Se4,0.5483844799999815,Zn,Ni,Se,2,1.65,1.91,2.55,0.6,0.6,1.98,38.67,49.0,28.9,,1.156,2.02067,10.295557,10.295557,10.295557,2.489006,2.436511,0.97891,0.389577,1.0,90.5687,0.08914363
NaSc2O4,0.5411488099999815,Na,Sc,O,1,0.93,1.36,3.44,0.99,745,1.4,162.7,97.0,5.3,0.547926,188,1.4611135,9.157818,9.157818,9.157818,2.298551,2.126385,0.925098,0.394911,1.0,99.6284,0.129559734
CaV2S4,0.5310896899999875,Ca,V,S,2,1.0,1.63,2.58,1.0,0.64,1.84,160.8,87.0,19.4,0.02455,525,2.07710403,10.61255,10.61255,10.61255,2.678543,2.494452,0.931272,0.39572,1.0,95.8312,0.244108295
MgNi2Se4,0.5162765800000102,Mg,Ni,Se,2,1.31,1.91,2.55,0.57,0.6,1.98,71.2,49.0,28.9,,1.156,2.02067,10.45371,10.45371,10.45371,2.57304,2.45244,0.953129,0.392107,1.0,98.3738,0.15104486
ZnMn2Se4,0.5128144600000155,Zn,Mn,Se,2,1.65,1.55,2.55,0.6,645,1.98,38.67,68.0,28.9,,,2.02067,10.690345,10.690345,10.690345,2.476612,2.578773,1.04125,0.383754,1.0,92.05,0.005618213
AlIn2S4,0.5104541999999981,Al,In,S,3,1.61,1.78,2.58,0.39,0.8,1.84,57.8,65.0,19.4,0.43283,0.3,2.07710403,10.81305,10.81305,10.81305,2.300494,2.703217,1.17506,0.372832,1.0,90.5434,0.129386291
MgNi2S4,0.5090360500000202,Mg,Ni,S,2,1.31,1.91,2.58,0.57,0.6,1.84,71.2,49.0,19.4,,1.156,2.07710403,9.900671,9.900671,9.900671,2.432637,2.322324,0.954653,0.391857,1.0,98.3582,0.177547065
LiAl2O4,0.5035157199999958,Li,Al,O,1,0.98,1.61,3.44,0.59,535,1.4,164.1125,57.8,5.3,0.618049,0.43283,1.4611135,8.113308,8.109961,8.109961,1.964477,1.913328,0.973963,0.389832,0.999588,97.1658,0.13410257
MgMn2S4,0.5012605000000008,Mg,Mn,S,2,1.31,1.55,2.58,0.57,645,1.84,71.2,68.0,19.4,,,2.07710403,10.306399,10.306399,10.306399,2.449203,2.456947,1.003162,0.387201,1.0,95.9059,0.064409628
MgCo2S4,0.5005540699999642,Mg,Co,S,2,1.31,1.88,2.58,0.57,0.61,1.84,71.2,55.0,19.4,,0.66225646,2.07710403,9.786371,9.786371,9.786371,2.444014,2.280741,0.933195,0.394185,1.0,99.4979,0.089610738
ZnMn2S4,0.4937127900000178,Zn,Mn,S,2,1.65,1.55,2.58,0.6,645,1.84,38.67,68.0,19.4,,,2.07710403,10.115301,10.115301,10.115301,2.340647,2.436559,1.040977,0.383597,1.0,92.9256,0.039674846
MgSc2O4,0.4875162200000318,Mg,Sc,O,2,1.31,1.36,3.44,0.57,745,1.4,71.2,97.0,5.3,,188,1.4611135,8.820347,8.820347,8.820347,2.027986,2.12198,1.046348,0.382745,1.0,94.319,0.034464207
AlFe2Se4,0.4805157800000188,Al,Fe,Se,3,1.61,1.83,2.55,0.39,645,1.98,57.8,62.0,28.9,0.43283,151,2.02067,10.496981,10.496981,10.496981,2.439515,2.533802,1.03865,0.384177,1.0,94.5034,0.171371149
CaGa2O4,0.4788227600000141,Ca,Ga,O,2,1.0,1.81,3.44,1.0,0.62,1.4,160.8,50.0,5.3,0.02455,0.43,1.4611135,8.807787,8.807787,8.807787,2.187408,2.053893,0.938962,0.393385,1.0,99.1027,0.104863005
MgLa2S4,0.4763912399999981,Mg,La,S,2,1.31,1.1,2.58,0.57,1.032,1.84,71.2,215.0,19.4,,0.47,2.07710403,11.659804,11.659804,11.659804,2.534571,2.884058,1.137888,0.375503,1.0,90.8693,0.113005595
ZnPd2S4,0.4744844399999977,Zn,Pd,S,2,1.65,2.2,2.58,0.6,0.76,1.84,38.67,26.14,19.4,,562,2.07710403,10.194669,10.194669,10.194669,2.385217,2.439331,1.022687,0.385081,1.0,90.5687,0.158960373
MgIn2S4,0.4739940599999954,Mg,In,S,2,1.31,1.78,2.58,0.57,0.8,1.84,71.2,65.0,19.4,,0.3,2.07710403,10.888514,10.888514,10.888514,2.476132,2.649142,1.069871,0.381294,1.0,93.3886,0.00212898
AlFe2S4,0.4710137099999656,Al,Fe,S,3,1.61,1.83,2.58,0.39,645,1.84,57.8,62.0,19.4,0.43283,151,2.07710403,9.632028,9.632028,9.632028,2.309357,2.291655,0.992335,0.388424,1.0,96.7646,0.183693931
CaNd2S4,0.4680270199999654,Ca,Nd,S,2,1.0,1.14,2.58,1.0,983,1.84,160.8,208.0,19.4,0.02455,1.916,2.07710403,11.816128,11.816128,11.816128,2.738793,2.845684,1.039028,0.383821,1.0,94.4025,0.066164442
MgGa2S4,0.4654916199999945,Mg,Ga,S,2,1.31,1.81,2.58,0.57,0.62,1.84,71.2,50.0,19.4,,0.43,2.07710403,10.395606,10.395606,10.395606,2.444211,2.490103,1.018776,0.385746,1.0,95.4147,0.126678416
MgCr2O4,0.4648884800000132,Mg,Cr,O,2,1.31,1.66,3.44,0.57,615,1.4,71.2,83.0,5.3,,0.6659999999999999,1.4611135,8.430201,8.499979,8.499979,2.00103,2.016554,1.007758,0.38629,1.008277,95.0924,0.037243217
NaMn2S4,0.4634977800000115,Na,Mn,S,1,0.93,1.55,2.58,0.99,645,1.84,162.7,68.0,19.4,0.547926,,2.07710403,10.220366,10.220366,10.220366,2.574918,2.380247,0.924397,0.395458,1.0,99.9099,0.069099424
AlGa2Se4,0.4624782499999753,Al,Ga,Se,3,1.61,1.81,2.55,0.39,0.62,1.98,57.8,50.0,28.9,0.43283,0.43,2.02067,10.890246,10.890246,10.890246,2.436384,2.667706,1.094945,0.379166,1.0,92.0714,0.19196392
LiGa2O4,0.4618596400000001,Li,Ga,O,1,0.98,1.81,3.44,0.59,0.62,1.4,164.1125,50.0,5.3,0.618049,0.43,1.4611135,8.413849,8.413849,8.413849,1.986372,2.006275,1.01002,0.386303,1.0,95.5217,0.16993366
CaEr2O4,0.4604606699999749,Ca,Er,O,2,1.0,1.24,3.44,1.0,0.89,1.4,160.8,150.0,5.3,0.02455,,1.4611135,9.568825,9.568825,9.568825,2.285101,2.263234,0.990431,0.387875,1.0,96.6485,0.025924803
MgAl2Se4,0.4594591199999911,Mg,Al,Se,2,1.31,1.61,2.55,0.57,535,1.98,71.2,57.8,28.9,,0.43283,2.02067,10.848841,10.848841,10.848841,2.566206,2.593072,1.010469,0.386568,1.0,95.755,0.027910294
MgV2O4,0.4559532200000262,Mg,V,O,2,1.31,1.63,3.44,0.57,0.64,1.4,71.2,87.0,5.3,,525,1.4611135,8.646574,8.527953,8.527953,2.008266,2.047429,1.019501,0.385334,0.986281,95.2302,0.013422712
NaFe2Se4,0.454709390000005,Na,Fe,Se,1,0.93,1.83,2.55,0.99,645,1.98,162.7,62.0,28.9,0.547926,151,2.02067,10.630481,10.630481,10.630481,2.71896,2.472115,0.909213,0.397669,1.0,100.7738,0.216868516
CaNd2O4,0.453567439999972,Ca,Nd,O,2,1.0,1.14,3.44,1.0,983,1.4,160.8,208.0,5.3,0.02455,1.916,1.4611135,10.012339,10.012338,10.012338,2.328076,2.391815,1.027378,0.384246,1.0,95.1662,0.092293712
CaLa2Se4,0.4471044199999596,Ca,La,Se,2,1.0,1.1,2.55,1.0,1.032,1.98,160.8,215.0,28.9,0.02455,0.47,2.02067,12.479065,12.479065,12.479065,2.871488,3.015699,1.050222,0.382851,1.0,93.9596,0.079006122
CaAl2O4,0.4463929200000507,Ca,Al,O,2,1.0,1.61,3.44,1.0,535,1.4,160.8,57.8,5.3,0.02455,0.43283,1.4611135,8.521275,8.521275,8.521275,2.152313,1.9724,0.91641,0.395828,1.0,100.3375,0.133407781
MgPd2Se4,0.4302065200000129,Mg,Pd,Se,2,1.31,2.2,2.55,0.57,0.76,1.98,71.2,26.14,28.9,,562,2.02067,10.878973,10.878973,10.878973,2.621311,2.57167,0.981063,0.389114,1.0,97.1072,0.130692723
CaV2Se4,0.4300042700000404,Ca,V,Se,2,1.0,1.63,2.55,1.0,0.64,1.98,160.8,87.0,28.9,0.02455,525,2.02067,11.170923,11.170923,11.170923,2.808357,2.63454,0.938107,0.395145,1.0,95.6055,0.225586503
MgCr2Se4,0.4288931400000138,Mg,Cr,Se,2,1.31,1.66,2.55,0.57,615,1.98,71.2,83.0,28.9,,0.6659999999999999,2.02067,10.759772,10.759772,10.759772,2.582982,2.55751,0.990139,0.388598,1.0,96.5457,0.011113322
CaLa2O4,0.4259864399999742,Ca,La,O,2,1.0,1.1,3.44,1.0,1.032,1.4,160.8,215.0,5.3,0.02455,0.47,1.4611135,10.176305,10.176305,10.176305,2.350733,2.433261,1.035108,0.383368,1.0,94.902,0.125875155
NaCo2O4,0.4214093500000331,Na,Co,O,1,0.93,1.88,3.44,0.99,0.61,1.4,162.7,55.0,5.3,0.547926,0.66225646,1.4611135,7.817627,9.047664,9.047664,2.24485,1.977006,0.880685,0.400048,1.157341,100.2334,0.190403909
CaY2O4,0.4169780700000274,Ca,Y,O,2,1.0,1.22,3.44,1.0,0.9,1.4,160.8,162.0,5.3,0.02455,307,1.4611135,9.644763,9.644763,9.644763,2.29335,2.284335,0.996069,0.387283,1.0,96.4417,-0.001197626
MgIn2Se4,0.4157777199999941,Mg,In,Se,2,1.31,1.78,2.55,0.57,0.8,1.98,71.2,65.0,28.9,,0.3,2.02067,11.4599,11.4599,11.4599,2.613382,2.7884,1.06697,0.381662,1.0,93.494,0.020819908
MgMo2Se4,0.4137934099999825,Mg,Mo,Se,2,1.31,2.16,2.55,0.57,0.69,1.98,71.2,87.0,28.9,,748,2.02067,11.061191,11.061191,11.061191,2.611067,2.649027,1.014538,0.386287,1.0,95.4259,0.390422938
ZnPd2Se4,0.4094147000000134,Zn,Pd,Se,2,1.65,2.2,2.55,0.6,0.76,1.98,38.67,26.14,28.9,,562,2.02067,10.727655,10.727655,10.727655,2.52829,2.561942,1.01331,0.38607,1.0,95.2155,0.09123746
CaTm2O4,0.4088998500000116,Ca,Tm,O,2,1.0,1.25,3.44,1.0,0.88,1.4,160.8,144.0,5.3,0.02455,1.029,1.4611135,9.520766,9.520766,9.520766,2.279249,2.249661,0.987019,0.388216,1.0,96.8198,0.025725555
NaCo2Se4,0.4070539600000131,Na,Co,Se,1,0.93,1.88,2.55,0.99,0.61,1.98,162.7,55.0,28.9,0.547926,0.66225646,2.02067,10.507798,10.507798,10.507798,2.709724,2.423102,0.894224,0.398886,1.0,101.4449,0.117411862
CaIn2O4,0.4053118300000164,Ca,In,O,2,1.0,1.78,3.44,1.0,0.8,1.4,160.8,65.0,5.3,0.02455,0.3,1.4611135,9.38398,9.38398,9.38398,2.247039,2.221569,0.988665,0.388249,1.0,96.6227,-0.000364446
MgV2Se4,0.4039302099999986,Mg,V,Se,2,1.31,1.63,2.55,0.57,0.64,1.98,71.2,87.0,28.9,,525,2.02067,10.911683,10.911683,10.911683,2.622429,2.621008,0.999458,0.388756,1.0,95.8916,0.10121655
LiTi2O4,0.3998892099999693,Li,Ti,O,1,0.98,1.54,3.44,0.59,0.67,1.4,164.1125,87.0,5.3,0.618049,79,1.4611135,8.452146,8.451941,8.451941,2.008377,2.008924,1.000273,0.387191,0.999976,96.1843,-0.018735867
MgGa2Se4,0.398259859999996,Mg,Ga,Se,2,1.31,1.81,2.55,0.57,0.62,1.98,71.2,50.0,28.9,,0.43,2.02067,10.991587,10.991587,10.991587,2.58326,2.640383,1.022113,0.38569,1.0,95.3523,0.135576369
MgMn2Se4,0.3963967699999671,Mg,Mn,Se,2,1.31,1.55,2.55,0.57,645,1.98,71.2,68.0,28.9,,,2.02067,10.873713,10.873713,10.873713,2.58371,2.595188,1.004443,0.387185,1.0,95.8032,-0.126513156
MgNd2S4,0.3921310199999652,Mg,Nd,S,2,1.31,1.14,2.58,0.57,983,1.84,71.2,208.0,19.4,,1.916,2.07710403,11.485622,11.485622,11.485622,2.51624,2.836499,1.127277,0.376484,1.0,91.2157,0.073607114
NaNi2S4,0.3859890699999937,Na,Ni,S,1,0.93,1.91,2.58,0.99,0.6,1.84,162.7,49.0,19.4,0.547926,1.156,2.07710403,10.062893,10.062893,10.062893,2.587539,2.321059,0.897014,0.398458,1.0,101.3359,0.159753832
CaSc2O4,0.3844834000000219,Ca,Sc,O,2,1.0,1.36,3.44,1.0,745,1.4,160.8,97.0,5.3,0.02455,188,1.4611135,9.134877,9.134877,9.134877,2.229927,2.142336,0.96072,0.390938,1.0,98.0275,-0.004393824
AlIn2Se4,0.3841913200000135,Al,In,Se,3,1.61,1.78,2.55,0.39,0.8,1.98,57.8,65.0,28.9,0.43283,0.3,2.02067,11.378591,11.378591,11.378591,2.442948,2.832217,1.159344,0.373955,1.0,90.0475,0.119390752
LiSc2O4,0.384160780000002,Li,Sc,O,1,0.98,1.36,3.44,0.59,745,1.4,164.1125,97.0,5.3,0.618049,188,1.4611135,8.890996,8.890996,8.890996,2.109264,2.112615,1.001589,0.386968,1.0,96.0919,0.165155686
MgY2S4,0.3834385900000256,Mg,Y,S,2,1.31,1.22,2.58,0.57,0.9,1.84,71.2,162.0,19.4,,307,2.07710403,11.169389,11.169389,11.169389,2.493551,2.737267,1.097738,0.378893,1.0,92.2409,-0.012411892
MgTm2S4,0.3821791599999642,Mg,Tm,S,2,1.31,1.25,2.58,0.57,0.88,1.84,71.2,144.0,19.4,,1.029,2.07710403,11.05755,11.05755,11.05755,2.485461,2.702554,1.087345,0.379774,1.0,92.6035,-0.003766047
NaCo2S4,0.3775313000000437,Na,Co,S,1,0.93,1.88,2.58,0.99,0.61,1.84,162.7,55.0,19.4,0.547926,0.66225646,2.07710403,9.963545,9.963545,9.963545,2.583665,2.287622,0.885418,0.399714,1.0,102.1164,0.126550018
MgFe2Se4,0.3766729299999838,Mg,Fe,Se,2,1.31,1.83,2.55,0.57,645,1.98,71.2,62.0,28.9,,151,2.02067,10.402672,10.402672,10.402672,2.568204,2.448518,0.953397,0.392536,1.0,98.5052,0.203689982
MgEr2S4,0.3764049799999611,Mg,Er,S,2,1.31,1.24,2.58,0.57,0.89,1.84,71.2,150.0,19.4,,,2.07710403,11.094728,11.094728,11.094728,2.488983,2.714184,1.090479,0.379522,1.0,92.4856,-0.009836497
MgSc2S4,0.3739191299999902,Mg,Sc,S,2,1.31,1.36,2.58,0.57,745,1.84,71.2,97.0,19.4,,188,2.07710403,10.702207,10.702207,10.702207,2.458875,2.593151,1.054609,0.382649,1.0,93.7926,0.000299857
NaTi2Se4,0.3737436499999944,Na,Ti,Se,1,0.93,1.54,2.55,0.99,0.67,1.98,162.7,87.0,28.9,0.547926,79,2.02067,11.095199,11.095199,11.095199,2.72627,2.630392,0.964832,0.391864,1.0,97.2944,0.09771937
CaLa2S4,0.3731052199999567,Ca,La,S,2,1.0,1.1,2.58,1.0,1.032,1.84,160.8,215.0,19.4,0.02455,0.47,2.07710403,11.983617,11.983617,11.983617,2.759688,2.889654,1.047095,0.382957,1.0,94.1484,0.086364194
NaZr2Se4,0.3728866399999901,Na,Zr,Se,1,0.93,1.33,2.55,0.99,0.72,1.98,162.7,112.0,28.9,0.547926,426,2.02067,11.471755,11.471755,11.471755,2.752232,2.743782,0.99693,0.388514,1.0,95.8978,0.046831724
NaV2O4,0.3657746299999758,Na,V,O,1,0.93,1.63,3.44,0.99,0.64,1.4,162.7,87.0,5.3,0.547926,525,1.4611135,8.306638,8.893468,8.893468,2.215945,2.015407,0.909503,0.397091,1.070646,99.4015,0.084526994
MgLa2Se4,0.3652448400000025,Mg,La,Se,2,1.31,1.1,2.55,0.57,1.032,1.98,71.2,215.0,28.9,,0.47,2.02067,12.158049,12.158049,12.158049,2.64833,3.010341,1.136694,0.375761,1.0,90.878,0.08119526
NaTi2S4,0.3646257400000081,Na,Ti,S,1,0.93,1.54,2.58,0.99,0.67,1.84,162.7,87.0,19.4,0.547926,79,2.07710403,10.527663,10.527663,10.527663,2.594455,2.487068,0.958609,0.392283,1.0,97.7121,0.093032011
MgFe2O4,0.3556192799999849,Mg,Fe,O,2,1.31,1.83,3.44,0.57,645,1.4,71.2,62.0,5.3,,151,1.4611135,8.514665,8.497421,8.497421,1.988774,2.028171,1.01981,0.385034,0.997975,95.2436,-0.030431571
NaCr2Se4,0.3468469400000344,Na,Cr,Se,1,0.93,1.66,2.55,0.99,615,1.98,162.7,83.0,28.9,0.547926,0.6659999999999999,2.02067,10.962849,10.962849,10.962849,2.751913,2.559108,0.929938,0.394927,1.0,99.5561,0.082452914
MgSc2Se4,0.3386114900000052,Mg,Sc,Se,2,1.31,1.36,2.55,0.57,745,1.98,71.2,97.0,28.9,,188,2.02067,11.241258,11.241258,11.241258,2.582278,2.726955,1.056027,0.382626,1.0,93.7862,-0.000618019
MgFe2S4,0.3380831100000137,Mg,Fe,S,2,1.31,1.83,2.58,0.57,645,1.84,71.2,62.0,19.4,,151,2.07710403,9.842884,9.842884,9.842884,2.43659,2.313659,0.949548,0.392922,1.0,98.6844,0.222585831
MgTm2Se4,0.3338242600000285,Mg,Tm,Se,2,1.31,1.25,2.55,0.57,0.88,1.98,71.2,144.0,28.9,,1.029,2.02067,11.58375,11.58375,11.58375,2.605285,2.835307,1.088291,0.379851,1.0,92.5639,-0.001852859
NaAl2S4,0.3326447499999858,Na,Al,S,1,0.93,1.61,2.58,0.99,535,1.84,162.7,57.8,19.4,0.547926,0.43283,2.07710403,10.461083,10.461083,10.461083,2.600404,2.452503,0.943124,0.393517,1.0,98.6925,0.17792844
NaSc2Se4,0.3326152700000193,Na,Sc,Se,1,0.93,1.36,2.55,0.99,745,1.98,162.7,97.0,28.9,0.547926,188,2.02067,11.491387,11.491387,11.491387,2.784208,2.723933,0.978351,0.389884,1.0,96.9659,0.083705892
MgEr2Se4,0.3305980999999747,Mg,Er,Se,2,1.31,1.24,2.55,0.57,0.89,1.98,71.2,150.0,28.9,,,2.02067,11.614435,11.614435,11.614435,2.608205,2.845333,1.090916,0.379653,1.0,92.4474,0.000224335
NaTi2O4,0.3283753400000364,Na,Ti,O,1,0.93,1.54,3.44,0.99,0.67,1.4,162.7,87.0,5.3,0.547926,79,1.4611135,8.70691,8.708081,8.708081,2.175104,2.02715,0.931979,0.394217,1.000135,99.5121,-0.012377191
MgY2Se4,0.3277580600000078,Mg,Y,Se,2,1.31,1.22,2.55,0.57,0.9,1.98,71.2,162.0,28.9,,307,2.02067,11.683076,11.683076,11.683076,2.611204,2.867523,1.098161,0.37904,1.0,92.1709,-0.006933572
LiFe2O4,0.3242684900000085,Li,Fe,O,1,0.98,1.83,3.44,0.59,645,1.4,164.1125,62.0,5.3,0.618049,151,1.4611135,8.426973,8.382498,8.382498,2.050966,1.964791,0.957984,0.391012,0.994722,95.9307,-0.004023567
NaZr2S4,0.3220358500000202,Na,Zr,S,1,0.93,1.33,2.58,0.99,0.72,1.84,162.7,112.0,19.4,0.547926,426,2.07710403,10.953099,10.953099,10.953099,2.639594,2.607547,0.987859,0.389136,1.0,96.428,0.003927977
NaPd2Se4,0.3197803000000192,Na,Pd,Se,1,0.93,2.2,2.55,0.99,0.76,1.98,162.7,26.14,28.9,0.547926,562,2.02067,11.052003,11.052003,11.052003,2.789985,2.567166,0.920136,0.395747,1.0,100.0814,0.086778744
NaEr2O4,0.3194386900000268,Na,Er,O,1,0.93,1.24,3.44,0.99,0.89,1.4,162.7,150.0,5.3,0.547926,,1.4611135,9.668667,9.668667,9.668667,2.396039,2.252133,0.93994,0.393076,1.0,99.0816,0.141897987
NaTm2O4,0.3181343699999956,Na,Tm,O,1,0.93,1.25,3.44,0.99,0.88,1.4,162.7,144.0,5.3,0.547926,1.029,1.4611135,9.612248,9.612248,9.612248,2.382151,2.238502,0.939698,0.393082,1.0,99.1431,0.143674362
NaCr2S4,0.3169717200000264,Na,Cr,S,1,0.93,1.66,2.58,0.99,615,1.84,162.7,83.0,19.4,0.547926,0.6659999999999999,2.07710403,10.369124,10.369124,10.369124,2.612001,2.417981,0.92572,0.395436,1.0,99.7475,0.104999121
LiPd2S4,0.3161685900000179,Li,Pd,S,1,0.98,2.2,2.58,0.59,0.76,1.84,164.1125,26.14,19.4,0.618049,562,2.07710403,10.175062,10.175062,10.175062,2.434589,2.418397,0.993349,0.388143,1.0,96.3861,0.092641555
NaAl2Se4,0.3157404700000086,Na,Al,Se,1,0.93,1.61,2.55,0.99,535,1.98,162.7,57.8,28.9,0.547926,0.43283,2.02067,11.065495,11.065495,11.065495,2.732993,2.605513,0.953355,0.392596,1.0,98.1331,0.170590709
NaIn2O4,0.3134158699999716,Na,In,O,1,0.93,1.78,3.44,0.99,0.8,1.4,162.7,65.0,5.3,0.547926,0.3,1.4611135,9.383594,9.383594,9.383594,2.299991,2.203155,0.957897,0.391513,1.0,97.8117,0.127498295
NaSc2S4,0.309140540000044,Na,Sc,S,1,0.93,1.36,2.58,0.99,745,1.84,162.7,97.0,19.4,0.547926,188,2.07710403,10.977813,10.977813,10.977813,2.676017,2.591944,0.968583,0.390738,1.0,97.4554,0.167983181
MgNd2Se4,0.3069482199999811,Mg,Nd,Se,2,1.31,1.14,2.55,0.57,983,1.98,71.2,208.0,28.9,,1.916,2.02067,11.986184,11.986184,11.986184,2.631034,2.963469,1.126352,0.376732,1.0,91.1925,0.043663908
NaNd2S4,0.3034328100000039,Na,Nd,S,1,0.93,1.14,2.58,0.99,983,1.84,162.7,208.0,19.4,0.547926,1.916,2.07710403,11.873496,11.873496,11.873496,2.810493,2.83597,1.009065,0.386661,1.0,95.6233,0.216793463
LiNi2S4,0.3022451499999761,Li,Ni,S,1,0.98,1.91,2.58,0.59,0.6,1.84,164.1125,49.0,19.4,0.618049,1.156,2.07710403,9.691497,9.691497,9.691497,2.359424,2.287358,0.969456,0.390558,1.0,97.4918,0.063219175
NaPd2S4,0.2980552500000044,Na,Pd,S,1,0.93,2.2,2.58,0.99,0.76,1.84,162.7,26.14,19.4,0.547926,562,2.07710403,10.524429,10.524429,10.524429,2.661434,2.440399,0.916949,0.396001,1.0,100.3251,0.130397836
NaCr2O4,0.2942754800000102,Na,Cr,O,1,0.93,1.66,3.44,0.99,615,1.4,162.7,83.0,5.3,0.547926,0.6659999999999999,1.4611135,8.743038,8.602891,8.602891,2.200477,1.995321,0.906768,0.396879,0.98397,100.4032,0.133845715
NaGa2Se4,0.289394819999984,Na,Ga,Se,1,0.93,1.81,2.55,0.99,0.62,1.98,162.7,50.0,28.9,0.547926,0.43,2.02067,11.219523,11.219523,11.219523,2.770737,2.654341,0.957991,0.392581,1.0,97.6654,0.300097312
NaMn2Se4,0.2766578800000161,Na,Mn,Se,1,0.93,1.55,2.55,0.99,645,1.98,162.7,68.0,28.9,0.547926,,2.02067,10.986442,10.986442,10.986442,2.745996,2.573039,0.937015,0.394305,1.0,98.906,-0.06850358
MgTi2Se4,0.275659399999995,Mg,Ti,Se,2,1.31,1.54,2.55,0.57,0.67,1.98,71.2,87.0,28.9,,79,2.02067,11.063463,11.063463,11.063463,2.602116,2.669828,1.026022,0.385792,1.0,94.8283,0.108238513
NaFe2S4,0.2724007499999743,Na,Fe,S,1,0.93,1.83,2.58,0.99,645,1.84,162.7,62.0,19.4,0.547926,151,2.07710403,10.068328,10.068328,10.068328,2.595883,2.32739,0.896569,0.398856,1.0,101.4035,0.248796821
LiMn2S4,0.272008239999991,Li,Mn,S,1,0.98,1.55,2.58,0.59,645,1.84,164.1125,68.0,19.4,0.618049,,2.07710403,9.844281,9.844281,9.844281,2.34756,2.348169,1.000259,0.38768,1.0,96.0985,0.008309868
LiNi2O4,0.2644955600000003,Li,Ni,O,1,0.98,1.91,3.44,0.59,0.6,1.4,164.1125,49.0,5.3,0.618049,1.156,1.4611135,7.895914,8.208714,8.208714,1.950081,1.917145,0.98311,0.388921,1.039615,96.5971,0.050716866
NaTm2Se4,0.2596034100000111,Na,Tm,Se,1,0.93,1.25,2.55,0.99,0.88,1.98,162.7,144.0,28.9,0.547926,1.029,2.02067,11.878278,11.878278,11.878278,2.833793,2.835109,1.000464,0.387738,1.0,95.9514,0.080282763
NaIn2Se4,0.2567929500000048,Na,In,Se,1,0.93,1.78,2.55,0.99,0.8,1.98,162.7,65.0,28.9,0.547926,0.3,2.02067,11.718168,11.718168,11.718168,2.815665,2.798427,0.993878,0.388727,1.0,95.9821,0.134122978
LiTi2Se4,0.2561837299999752,Li,Ti,Se,1,0.98,1.54,2.55,0.59,0.67,1.98,164.1125,87.0,28.9,0.618049,79,2.02067,10.693366,10.693366,10.693366,2.464948,2.600463,1.054977,0.383086,1.0,93.4561,0.030019056
LiIn2S4,0.2560539600000027,Li,In,S,1,0.98,1.78,2.58,0.59,0.8,1.84,164.1125,65.0,19.4,0.618049,0.3,2.07710403,10.784763,10.784763,10.784763,2.432525,2.636217,1.083737,0.380223,1.0,92.6041,0.123275336
LiGa2S4,0.2549081399999977,Li,Ga,S,1,0.98,1.81,2.58,0.59,0.62,1.84,164.1125,50.0,19.4,0.618049,0.43,2.07710403,10.226343,10.226343,10.226343,2.367108,2.473766,1.045058,0.38364,1.0,94.0352,0.236141565
NaEr2Se4,0.2546903599999837,Na,Er,Se,1,0.93,1.24,2.55,0.99,0.89,1.98,162.7,150.0,28.9,0.547926,,2.02067,11.913307,11.913307,11.913307,2.837927,2.845092,1.002525,0.387533,1.0,95.8354,0.126451448
LiCo2S4,0.2537828000000104,Li,Co,S,1,0.98,1.88,2.58,0.59,0.61,1.84,164.1125,55.0,19.4,0.618049,0.66225646,2.07710403,9.61102,9.61102,9.61102,2.365568,2.261045,0.955815,0.392104,1.0,98.0475,0.040173561
LiMn2Se4,0.2405649799999878,Li,Mn,Se,1,0.98,1.55,2.55,0.59,645,1.98,164.1125,68.0,28.9,0.618049,,2.02067,10.585434,10.585434,10.585434,2.497571,2.539925,1.016958,0.386222,1.0,95.1566,-0.211649258
NaY2Se4,0.2375443999999902,Na,Y,Se,1,0.93,1.22,2.55,0.99,0.9,1.98,162.7,162.0,28.9,0.547926,307,2.02067,12.001096,12.001096,12.001096,2.853226,2.868531,1.005364,0.387263,1.0,95.7146,0.118718542
LiGa2Se4,0.2363820500000031,Li,Ga,Se,1,0.98,1.81,2.55,0.59,0.62,1.98,164.1125,50.0,28.9,0.618049,0.43,2.02067,10.797578,10.797578,10.797578,2.487413,2.620217,1.05339,0.383003,1.0,93.7132,0.193491177
NaIn2S4,0.2313657800000044,Na,In,S,1,0.93,1.78,2.58,0.99,0.8,1.84,162.7,65.0,19.4,0.547926,0.3,2.07710403,11.169899,11.169899,11.169899,2.696288,2.657595,0.98565,0.389366,1.0,96.3851,0.158235133
NaNi2O4,0.2294571899999482,Na,Ni,O,1,0.93,1.91,3.44,0.99,0.6,1.4,162.7,49.0,5.3,0.547926,1.156,1.4611135,8.766961,8.327461,8.327461,2.17726,1.952087,0.89658,0.398342,0.949869,100.4305,0.114207899
LiNi2Se4,0.2283233400000028,Li,Ni,Se,1,0.98,1.91,2.55,0.59,0.6,1.98,164.1125,49.0,28.9,0.618049,1.156,2.02067,10.389629,10.389629,10.389629,2.542708,2.443274,0.960895,0.391298,1.0,97.9897,0.059615742
ZnNi2O4,0.2238375300000257,Zn,Ni,O,2,1.65,1.91,3.44,0.6,0.6,1.4,38.67,49.0,5.3,,1.156,1.4611135,7.855384,8.503946,8.503946,1.976807,1.96083,0.991918,0.38771,1.082563,92.1367,0.057604506
LiCo2Se4,0.2232791600000041,Li,Co,Se,1,0.98,1.88,2.55,0.59,0.61,1.98,164.1125,55.0,28.9,0.618049,0.66225646,2.02067,10.151502,10.151502,10.151502,2.491278,2.395125,0.961404,0.391687,1.0,97.6808,0.049428228
NaY2O4,0.2221274400000084,Na,Y,O,1,0.93,1.22,3.44,0.99,0.9,1.4,162.7,162.0,5.3,0.547926,307,1.4611135,9.762452,9.762452,9.762452,2.416401,2.273808,0.940989,0.392906,1.0,99.0218,0.113443392
MgCo2O4,0.2214011899999945,Mg,Co,O,2,1.31,1.88,3.44,0.57,0.61,1.4,71.2,55.0,5.3,,0.66225646,1.4611135,8.152118,8.587833,8.587833,2.054085,1.97747,0.962701,0.390469,1.053448,95.8144,0.140187571
NaTm2S4,0.2205499699999791,Na,Tm,S,1,0.93,1.25,2.58,0.99,0.88,1.84,162.7,144.0,19.4,0.547926,1.029,2.07710403,11.377082,11.377082,11.377082,2.731238,2.703377,0.989799,0.388602,1.0,96.4641,0.166862176
LiNd2S4,0.220367949999968,Li,Nd,S,1,0.98,1.14,2.58,0.59,983,1.84,164.1125,208.0,19.4,0.618049,1.916,2.07710403,11.552594,11.552594,11.552594,2.587869,2.829723,1.093457,0.379331,1.0,92.2419,0.219066348
LiAl2Se4,0.2203644699999927,Li,Al,Se,1,0.98,1.61,2.55,0.59,535,1.98,164.1125,57.8,28.9,0.618049,0.43283,2.02067,10.678939,10.678939,10.678939,2.500023,2.575074,1.03002,0.385162,1.0,94.5203,0.092805759
LiTi2S4,0.2170990100000267,Li,Ti,S,1,0.98,1.54,2.58,0.59,0.67,1.84,164.1125,87.0,19.4,0.618049,79,2.07710403,10.171168,10.171168,10.171168,2.360975,2.463132,1.043269,0.384017,1.0,93.9751,0.03484295
NaEr2S4,0.2130902899999682,Na,Er,S,1,0.93,1.24,2.58,0.99,0.89,1.84,162.7,150.0,19.4,0.547926,,2.07710403,11.415981,11.415981,11.415981,2.73712,2.714246,0.991643,0.388427,1.0,96.365,0.167851945
LiIn2Se4,0.2128937800000017,Li,In,Se,1,0.98,1.78,2.55,0.59,0.8,1.98,164.1125,65.0,28.9,0.618049,0.3,2.02067,11.311073,11.311073,11.311073,2.548003,2.777246,1.08997,0.380058,1.0,92.2545,0.092571795
LiCr2S4,0.2124370699999644,Li,Cr,S,1,0.98,1.66,2.58,0.59,615,1.84,164.1125,83.0,19.4,0.618049,0.6659999999999999,2.07710403,9.969492,9.969492,9.969492,2.356298,2.394623,1.016265,0.386457,1.0,95.2531,0.009959536
LiFe2Se4,0.2118518899999912,Li,Fe,Se,1,0.98,1.83,2.55,0.59,645,1.98,164.1125,62.0,28.9,0.618049,151,2.02067,10.26352,10.26352,10.26352,2.430256,2.446258,1.006585,0.386708,1.0,96.6562,0.149602988
LiAl2S4,0.2113697700000045,Li,Al,S,1,0.98,1.61,2.58,0.59,535,1.84,164.1125,57.8,19.4,0.618049,0.43283,2.07710403,10.089194,10.089194,10.089194,2.377166,2.422782,1.019189,0.386032,1.0,95.0083,0.12946449
LiSc2Se4,0.2053465299999857,Li,Sc,Se,1,0.98,1.36,2.55,0.59,745,1.98,164.1125,97.0,28.9,0.618049,188,2.02067,11.114824,11.114824,11.114824,2.539435,2.709206,1.066854,0.381909,1.0,93.0531,0.02915295
MgTi2S4,0.2051823799999965,Mg,Ti,S,2,1.31,1.54,2.58,0.57,0.67,1.84,71.2,87.0,19.4,,79,2.07710403,10.523011,10.523011,10.523011,2.459289,2.528379,1.028094,0.38493,1.0,94.9007,0.089772519
LiCo2O4,0.2038937599999712,Li,Co,O,1,0.98,1.88,3.44,0.59,0.61,1.4,164.1125,55.0,5.3,0.618049,0.66225646,1.4611135,8.327178,8.252028,8.252028,2.026391,1.933501,0.95416,0.391347,0.990975,96.3749,0.165900443
LiCr2Se4,0.2007221900000217,Li,Cr,Se,1,0.98,1.66,2.55,0.59,615,1.98,164.1125,83.0,28.9,0.618049,0.6659999999999999,2.02067,10.525428,10.525428,10.525428,2.471963,2.533184,1.024766,0.385594,1.0,94.8986,-0.044115291
LiLa2S4,0.199995030000025,Li,La,S,1,0.98,1.1,2.58,0.59,1.032,1.84,164.1125,215.0,19.4,0.618049,0.47,2.07710403,11.790585,11.790585,11.790585,2.646801,2.876614,1.086826,0.379606,1.0,92.6509,0.270114302
LiLa2Se4,0.1937176300000374,Li,La,Se,1,0.98,1.1,2.55,0.59,1.032,1.98,164.1125,215.0,28.9,0.618049,0.47,2.02067,12.227751,12.227751,12.227751,2.717712,3.005666,1.105955,0.378321,1.0,91.8311,0.223232386
NaY2S4,0.191445549999969,Na,Y,S,1,0.93,1.22,2.58,0.99,0.9,1.84,162.7,162.0,19.4,0.547926,307,2.07710403,11.505816,11.505816,11.505816,2.753018,2.737532,0.994375,0.388144,1.0,96.2349,0.153749846
LiSc2S4,0.189689009999995,Li,Sc,S,1,0.98,1.36,2.58,0.59,745,1.84,164.1125,97.0,19.4,0.618049,188,2.07710403,10.610192,10.610192,10.610192,2.435943,2.576152,1.057558,0.382551,1.0,93.4774,0.119835499
LiZr2Se4,0.1875105000000303,Li,Zr,Se,1,0.98,1.33,2.55,0.59,0.72,1.98,164.1125,112.0,28.9,0.618049,426,2.02067,11.122073,11.122073,11.122073,2.521525,2.726097,1.08113,0.380893,1.0,92.4656,-0.001188127
NaNd2Se4,0.1824548299999833,Na,Nd,Se,1,0.93,1.14,2.55,0.99,983,1.98,162.7,208.0,28.9,0.547926,1.916,2.02067,12.342376,12.342376,12.342376,2.89857,2.962105,1.021919,0.385589,1.0,95.063,0.183196847
LiTm2S4,0.1747861800000123,Li,Tm,S,1,0.98,1.25,2.58,0.59,0.88,1.84,164.1125,144.0,19.4,0.618049,1.029,2.07710403,11.033633,11.033633,11.033633,2.501563,2.691528,1.075939,0.380898,1.0,92.8276,0.106628963
LiEr2S4,0.1728679199999874,Li,Er,S,1,0.98,1.24,2.58,0.59,0.89,1.84,164.1125,150.0,19.4,0.618049,,2.07710403,11.082854,11.082854,11.082854,2.51142,2.703912,1.076647,0.38083,1.0,92.8221,0.145142949
LiZr2S4,0.1717830599999956,Li,Zr,S,1,0.98,1.33,2.58,0.59,0.72,1.84,164.1125,112.0,19.4,0.618049,426,2.07710403,10.630786,10.630786,10.630786,2.426221,2.592176,1.068401,0.381766,1.0,93.0361,-0.022825378
LiTm2Se4,0.1715306500000224,Li,Tm,Se,1,0.98,1.25,2.55,0.59,0.88,1.98,164.1125,144.0,28.9,0.618049,1.029,2.02067,11.513194,11.513194,11.513194,2.592892,2.822802,1.088669,0.380025,1.0,92.2799,0.048230863
LiY2S4,0.1704045799999676,Li,Y,S,1,0.98,1.22,2.58,0.59,0.9,1.84,164.1125,162.0,19.4,0.618049,307,2.07710403,11.162871,11.162871,11.162871,2.519943,2.727159,1.08223,0.380333,1.0,92.5923,0.129219411
LiEr2Se4,0.1691710299999727,Li,Er,Se,1,0.98,1.24,2.55,0.59,0.89,1.98,164.1125,150.0,28.9,0.618049,,2.02067,11.550449,11.550449,11.550449,2.59558,2.833806,1.091781,0.37974,1.0,92.1862,0.078986534
LiY2Se4,0.1622302899999681,Li,Y,Se,1,0.98,1.22,2.55,0.59,0.9,1.98,164.1125,162.0,28.9,0.618049,307,2.02067,11.638665,11.638665,11.638665,2.609467,2.858049,1.095262,0.379446,1.0,92.0842,0.074406199
LiNd2Se4,0.1447784499999898,Li,Nd,Se,1,0.98,1.14,2.55,0.59,983,1.98,164.1125,208.0,28.9,0.618049,1.916,2.02067,11.994449,11.994449,11.994449,2.665238,2.955854,1.10904,0.378291,1.0,91.584,0.166741049
NaLa2S4,0.129212319999965,Na,La,S,1,0.93,1.1,2.58,0.99,1.032,1.84,162.7,215.0,19.4,0.547926,0.47,2.07710403,12.087306,12.087306,12.087306,2.86439,2.879162,1.005157,0.386818,1.0,95.8742,0.238846381
NaLa2O4,0.1275980600000252,Na,La,O,1,0.93,1.1,3.44,0.99,1.032,1.4,162.7,215.0,5.3,0.547926,0.47,1.4611135,10.335355,10.335355,10.335355,2.529229,2.411209,0.953338,0.391287,1.0,98.469,0.176086248
NaLa2Se4,0.1270714800000405,Na,La,Se,1,0.93,1.1,2.55,0.99,1.032,1.98,162.7,215.0,28.9,0.547926,0.47,2.02067,12.566528,12.566528,12.566528,2.967696,3.007406,1.01338,0.386346,1.0,95.3878,0.212080162